日期,股票代號,股票名稱,股數,持股權重
2026-04-07,2330,台積電,5428000,9.49%
2026-04-07,2383,台光電,2807000,7.62%
2026-04-07,2308,台達電,4379000,6.24%
2026-04-07,3017,奇鋐,3026000,5.78%
2026-04-07,2368,金像電,6607000,5.76%
2026-04-07,3665,貿聯-KY,3052848,5.71%
2026-04-07,3653,健策,1595000,5.64%
2026-04-07,2345,智邦,3646000,5.54%
2026-04-07,6223,旺矽,1414000,5.21%
2026-04-07,3037,欣興,8443000,4.48%
2026-04-07,8046,南電,7557000,4.43%
2026-04-07,5274,信驊,318000,3.43%
2026-04-07,2327,國巨*,11083000,2.67%
2026-04-07,3711,日月光投控,6159000,2.04%
2026-04-07,6805,富世達,1130000,1.97%
2026-04-07,2449,京元電子,7512000,1.89%
2026-04-07,6510,精測,604000,1.89%
2026-04-07,6515,穎崴,268000,1.79%
2026-04-07,6274,台燿,2458000,1.58%
2026-04-07,1303,南亞,19743000,1.49%
2026-04-07,3211,順達,4086000,1.37%
2026-04-07,3189,景碩,2657000,0.9%
2026-04-07,6139,亞翔,1559000,0.76%
2026-04-07,2454,聯發科,508000,0.7%
2026-04-07,5347,世界,5845000,0.67%
2026-04-07,3661,世芯-KY,233000,0.59%
2026-04-07,3443,創意,267000,0.59%
2026-04-07,6488,環球晶,1330000,0.52%
2026-04-07,2404,漢唐,595000,0.48%
2026-04-07,6147,頎邦,5601000,0.47%
2026-04-07,8358,金居,1955000,0.45%
2026-04-07,8996,高力,515000,0.44%
2026-04-07,3264,欣銓,2870000,0.42%
2026-04-07,1326,台化,9001000,0.39%
2026-04-07,4979,華星光,1037000,0.39%
2026-04-07,6187,萬潤,388000,0.34%
2026-04-07,6191,精成科,3402000,0.29%
2026-04-07,3376,新日興,1428000,0.28%
2026-04-07,6669,緯穎,76000,0.24%
2026-04-07,8210,勤誠,235000,0.18%
2026-04-07,2481,強茂,1636000,0.16%
2026-04-07,3324,雙鴻,160000,0.14%
2026-04-07,1319,東陽,1504000,0.11%
2026-04-07,2002,中鋼,4929000,0.09%
2026-04-07,3583,辛耘,190000,0.09%
2026-04-07,3217,優群,477000,0.07%
2026-04-07,3008,大立光,10000,0.02%
2026-04-07,2357,華碩,8000,0%
2026-04-07,1815,富喬,5000,0%
2026-04-07,2439,美律,8000,0%
2026-04-08,2330,台積電,5428000,9.33%
2026-04-08,2383,台光電,2861000,7.99%
2026-04-08,2308,台達電,4379000,6.42%
2026-04-08,3017,奇鋐,3026000,5.95%
2026-04-08,2368,金像電,6607000,5.81%
2026-04-08,3653,健策,1595000,5.64%
2026-04-08,2345,智邦,3646000,5.49%
2026-04-08,3665,貿聯-KY,3052848,5.42%
2026-04-08,6223,旺矽,1414000,5.37%
2026-04-08,3037,欣興,8443000,4.61%
2026-04-08,8046,南電,7557000,4.24%
2026-04-08,5274,信驊,318000,3.53%
2026-04-08,2327,國巨*,11083000,2.65%
2026-04-08,3711,日月光投控,6159000,2.08%
2026-04-08,6805,富世達,1130000,1.88%
2026-04-08,2449,京元電子,7512000,1.85%
2026-04-08,6515,穎崴,268000,1.84%
2026-04-08,6510,精測,604000,1.83%
2026-04-08,6274,台燿,2670000,1.71%
2026-04-08,1303,南亞,19743000,1.48%
2026-04-08,3211,順達,4086000,1.36%
2026-04-08,3189,景碩,2657000,0.92%
2026-04-08,6139,亞翔,1559000,0.76%
2026-04-08,2454,聯發科,508000,0.71%
2026-04-08,5347,世界,5845000,0.67%
2026-04-08,8358,金居,2750000,0.65%
2026-04-08,2404,漢唐,764000,0.61%
2026-04-08,3661,世芯-KY,233000,0.59%
2026-04-08,3443,創意,267000,0.59%
2026-04-08,6488,環球晶,1330000,0.51%
2026-04-08,6147,頎邦,5601000,0.49%
2026-04-08,3264,欣銓,2870000,0.42%
2026-04-08,8996,高力,515000,0.42%
2026-04-08,4979,華星光,1037000,0.39%
2026-04-08,1326,台化,9001000,0.36%
2026-04-08,6187,萬潤,388000,0.34%
2026-04-08,6191,精成科,3402000,0.28%
2026-04-08,3376,新日興,1428000,0.27%
2026-04-08,6669,緯穎,76000,0.24%
2026-04-08,2481,強茂,1636000,0.15%
2026-04-08,3324,雙鴻,160000,0.14%
2026-04-08,1319,東陽,1504000,0.11%
2026-04-08,3583,辛耘,226000,0.11%
2026-04-08,2002,中鋼,4929000,0.09%
2026-04-08,3217,優群,477000,0.07%
2026-04-08,8210,勤誠,34000,0.03%
2026-04-08,3008,大立光,10000,0.02%
2026-04-08,2357,華碩,8000,0%
2026-04-08,1815,富喬,5000,0%
2026-04-08,2439,美律,8000,0%
2026-04-09,2330,台積電,5518000,9.28%
2026-04-09,2383,台光電,2861000,7.92%
2026-04-09,2368,金像電,6607000,6.22%
2026-04-09,2308,台達電,4379000,6.2%
2026-04-09,3653,健策,1595000,5.82%
2026-04-09,3017,奇鋐,3026000,5.82%
2026-04-09,3665,貿聯-KY,3052848,5.59%
2026-04-09,6223,旺矽,1414000,5.44%
2026-04-09,2345,智邦,3646000,5.3%
2026-04-09,3037,欣興,8443000,4.54%
2026-04-09,8046,南電,7557000,4.35%
2026-04-09,5274,信驊,318000,3.44%
2026-04-09,2327,國巨*,11083000,2.68%
2026-04-09,3711,日月光投控,6159000,2.08%
2026-04-09,6515,穎崴,268000,1.84%
2026-04-09,6274,台燿,2670000,1.83%
2026-04-09,6805,富世達,1130000,1.79%
2026-04-09,2449,京元電子,7512000,1.78%
2026-04-09,6510,精測,604000,1.77%
2026-04-09,1303,南亞,19743000,1.45%
2026-04-09,3211,順達,4086000,1.29%
2026-04-09,3189,景碩,2657000,0.88%
2026-04-09,6139,亞翔,1559000,0.81%
2026-04-09,2454,聯發科,508000,0.69%
2026-04-09,5347,世界,5845000,0.66%
2026-04-09,8358,金居,2750000,0.64%
2026-04-09,6147,頎邦,7692000,0.64%
2026-04-09,3443,創意,267000,0.61%
2026-04-09,2404,漢唐,764000,0.6%
2026-04-09,3661,世芯-KY,233000,0.58%
2026-04-09,6488,環球晶,1330000,0.51%
2026-04-09,3264,欣銓,2870000,0.45%
2026-04-09,8996,高力,515000,0.45%
2026-04-09,4979,華星光,1037000,0.38%
2026-04-09,1326,台化,9001000,0.35%
2026-04-09,6187,萬潤,388000,0.3%
2026-04-09,6191,精成科,3402000,0.28%
2026-04-09,3583,辛耘,526000,0.28%
2026-04-09,3376,新日興,1428000,0.26%
2026-04-09,6669,緯穎,76000,0.23%
2026-04-09,3324,雙鴻,160000,0.14%
2026-04-09,2481,強茂,1636000,0.14%
2026-04-09,2002,中鋼,4929000,0.09%
2026-04-09,1319,東陽,982000,0.07%
2026-04-09,3217,優群,477000,0.06%
2026-04-09,8210,勤誠,34000,0.03%
2026-04-09,3008,大立光,10000,0.02%
2026-04-09,2357,華碩,8000,0%
2026-04-09,1815,富喬,5000,0%
2026-04-09,2439,美律,8000,0%
2026-04-13,2330,台積電,5827000,9.4%
2026-04-13,2383,台光電,2861000,7.71%
2026-04-13,2308,台達電,4450000,6.28%
2026-04-13,3653,健策,1734000,5.69%
2026-04-13,3665,貿聯-KY,3132848,5.65%
2026-04-13,2368,金像電,6607000,5.65%
2026-04-13,2345,智邦,3726000,5.5%
2026-04-13,3017,奇鋐,3066000,5.47%
2026-04-13,6223,旺矽,1434000,5.29%
2026-04-13,3037,欣興,9287000,4.71%
2026-04-13,8046,南電,8269000,4.39%
2026-04-13,5274,信驊,323000,3.19%
2026-04-13,2327,國巨*,12614000,3.1%
2026-04-13,2449,京元電子,8903000,2.13%
2026-04-13,3711,日月光投控,6259000,2.12%
2026-04-13,6515,穎崴,283000,1.96%
2026-04-13,6274,台燿,2954000,1.92%
2026-04-13,6510,精測,605000,1.68%
2026-04-13,6805,富世達,1160000,1.66%
2026-04-13,1303,南亞,19943000,1.39%
2026-04-13,3211,順達,3902000,1.14%
2026-04-13,8358,金居,4809000,1.12%
2026-04-13,3189,景碩,2697000,0.8%
2026-04-13,6147,頎邦,7692000,0.73%
2026-04-13,2454,聯發科,528000,0.69%
2026-04-13,3443,創意,271000,0.61%
2026-04-13,3661,世芯-KY,236000,0.59%
2026-04-13,2404,漢唐,784000,0.59%
2026-04-13,6488,環球晶,1380000,0.56%
2026-04-13,8996,高力,535000,0.48%
2026-04-13,3264,欣銓,2916000,0.45%
2026-04-13,4979,華星光,1037000,0.39%
2026-04-13,1326,台化,9002000,0.36%
2026-04-13,6187,萬潤,388000,0.33%
2026-04-13,3583,辛耘,527000,0.3%
2026-04-13,6191,精成科,3402000,0.26%
2026-04-13,3376,新日興,1429000,0.23%
2026-04-13,6669,緯穎,77000,0.23%
2026-04-13,2481,強茂,1637000,0.13%
2026-04-13,3324,雙鴻,161000,0.12%
2026-04-13,2002,中鋼,4930000,0.08%
2026-04-13,3217,優群,484000,0.06%
2026-04-13,8210,勤誠,64000,0.05%
2026-04-13,1319,東陽,491000,0.03%
2026-04-13,3008,大立光,11000,0.02%
2026-04-13,2357,華碩,9000,0%
2026-04-13,1815,富喬,6000,0%
2026-04-13,2439,美律,9000,0%
2026-04-13,3045,台灣大,9000,0%
2026-04-13,2313,華通,8000,0%
2026-04-14,2330,台積電,6013000,9.53%
2026-04-14,2383,台光電,2932000,8.16%
2026-04-14,2308,台達電,4560000,6.16%
2026-04-14,2368,金像電,6771000,6.01%
2026-04-14,3665,貿聯-KY,3210848,5.69%
2026-04-14,3017,奇鋐,3142000,5.6%
2026-04-14,2345,智邦,3818000,5.57%
2026-04-14,3653,健策,1777000,5.48%
2026-04-14,6223,旺矽,1469000,5.17%
2026-04-14,3037,欣興,9287000,4.28%
2026-04-14,8046,南電,8269000,4.12%
2026-04-14,5274,信驊,331000,3.32%
2026-04-14,2327,國巨*,12928000,3.11%
2026-04-14,2449,京元電子,9125000,2.12%
2026-04-14,3711,日月光投控,6415000,2.1%
2026-04-14,6274,台燿,2954000,1.96%
2026-04-14,6515,穎崴,290000,1.9%
2026-04-14,6805,富世達,1188000,1.59%
2026-04-14,6510,精測,606000,1.57%
2026-04-14,1303,南亞,20441000,1.4%
2026-04-14,8358,金居,4809000,1.17%
2026-04-14,3211,順達,3849000,1.04%
2026-04-14,2454,聯發科,679000,0.9%
2026-04-14,3189,景碩,2764000,0.79%
2026-04-14,6147,頎邦,7884000,0.69%
2026-04-14,3443,創意,271000,0.64%
2026-04-14,8210,勤誠,864000,0.64%
2026-04-14,3661,世芯-KY,241000,0.6%
2026-04-14,2404,漢唐,803000,0.57%
2026-04-14,6488,環球晶,1414000,0.55%
2026-04-14,6669,緯穎,175000,0.51%
2026-04-14,8996,高力,535000,0.46%
2026-04-14,3264,欣銓,2988000,0.43%
2026-04-14,1326,台化,9223000,0.39%
2026-04-14,5439,高技,1404000,0.39%
2026-04-14,4979,華星光,1037000,0.39%
2026-04-14,6187,萬潤,388000,0.31%
2026-04-14,6191,精成科,3485000,0.28%
2026-04-14,3583,辛耘,527000,0.28%
2026-04-14,3376,新日興,1464000,0.22%
2026-04-14,2481,強茂,1676000,0.13%
2026-04-14,3324,雙鴻,162000,0.12%
2026-04-14,2002,中鋼,5051000,0.08%
2026-04-14,3217,優群,495000,0.06%
2026-04-14,1319,東陽,492000,0.03%
2026-04-14,3008,大立光,11000,0.02%
2026-04-14,2357,華碩,10000,0%
2026-04-14,1815,富喬,6000,0%
2026-04-14,2439,美律,10000,0%
2026-04-14,3045,台灣大,10000,0%
2026-04-15,2330,台積電,6121000,9.34%
2026-04-15,2383,台光電,3012000,8.42%
2026-04-15,2308,台達電,4610000,6.04%
2026-04-15,2368,金像電,6821000,5.83%
2026-04-15,3665,貿聯-KY,3260848,5.62%
2026-04-15,3653,健策,1837000,5.6%
2026-04-15,2345,智邦,3878000,5.6%
2026-04-15,3017,奇鋐,3202000,5.46%
2026-04-15,6223,旺矽,1489000,5.03%
2026-04-15,3037,欣興,9287000,4.21%
2026-04-15,8046,南電,8389000,4.04%
2026-04-15,5274,信驊,343000,3.49%
2026-04-15,2327,國巨*,13128000,3.1%
2026-04-15,3711,日月光投控,6535000,2.14%
2026-04-15,6274,台燿,2954000,2.05%
2026-04-15,6515,穎崴,305000,2.03%
2026-04-15,2449,京元電子,9275000,1.98%
2026-04-15,6805,富世達,1308000,1.75%
2026-04-15,6510,精測,620000,1.64%
2026-04-15,2454,聯發科,1067000,1.4%
2026-04-15,8358,金居,5389000,1.32%
2026-04-15,1303,南亞,16352000,1.06%
2026-04-15,3211,順達,3850000,0.98%
2026-04-15,3189,景碩,2764000,0.78%
2026-04-15,8210,勤誠,944000,0.69%
2026-04-15,3443,創意,271000,0.61%
2026-04-15,6147,頎邦,7884000,0.61%
2026-04-15,3661,世芯-KY,251000,0.59%
2026-04-15,6488,環球晶,1434000,0.54%
2026-04-15,2404,漢唐,804000,0.54%
2026-04-15,6669,緯穎,195000,0.53%
2026-04-15,5439,高技,1719000,0.5%
2026-04-15,8996,高力,535000,0.43%
2026-04-15,3264,欣銓,2989000,0.41%
2026-04-15,4979,華星光,1037000,0.41%
2026-04-15,6187,萬潤,388000,0.32%
2026-04-15,6191,精成科,3585000,0.27%
2026-04-15,3583,辛耘,527000,0.27%
2026-04-15,3376,新日興,1465000,0.21%
2026-04-15,2481,強茂,1716000,0.13%
2026-04-15,3324,雙鴻,163000,0.12%
2026-04-15,2002,中鋼,5052000,0.07%
2026-04-15,3217,優群,545000,0.06%
2026-04-15,1319,東陽,493000,0.03%
2026-04-15,3008,大立光,12000,0.02%
2026-04-15,1815,富喬,106000,0.01%
2026-04-15,2313,華通,59000,0.01%
2026-04-15,2357,華碩,11000,0%
2026-04-15,2439,美律,11000,0%
2026-04-15,3045,台灣大,11000,0%
2026-04-16,2330,台積電,6256000,9.01%
2026-04-16,2383,台光電,3012000,7.98%
2026-04-16,2308,台達電,4711000,6%
2026-04-16,3653,健策,1906000,5.77%
2026-04-16,2368,金像電,6971000,5.61%
2026-04-16,2345,智邦,3963000,5.57%
2026-04-16,3017,奇鋐,3272000,5.52%
2026-04-16,3665,貿聯-KY,3332848,5.51%
2026-04-16,6223,旺矽,1521000,5.16%
2026-04-16,8046,南電,8389000,4.18%
2026-04-16,3037,欣興,9287000,4.14%
2026-04-16,5274,信驊,350000,3.5%
2026-04-16,2327,國巨*,13418000,3.01%
2026-04-16,6515,穎崴,311000,2.11%
2026-04-16,3711,日月光投控,6679000,2.08%
2026-04-16,2454,聯發科,1540000,2.02%
2026-04-16,6274,台燿,3019000,2%
2026-04-16,2449,京元電子,9479000,1.86%
2026-04-16,6805,富世達,1404000,1.84%
2026-04-16,6510,精測,633000,1.6%
2026-04-16,8358,金居,5508000,1.27%
2026-04-16,1303,南亞,16352000,1.02%
2026-04-16,3211,順達,3702000,0.89%
2026-04-16,3189,景碩,2825000,0.77%
2026-04-16,8210,勤誠,964000,0.68%
2026-04-16,3443,創意,271000,0.63%
2026-04-16,6147,頎邦,7884000,0.62%
2026-04-16,3661,世芯-KY,256000,0.61%
2026-04-16,6488,環球晶,1465000,0.55%
2026-04-16,2404,漢唐,821000,0.53%
2026-04-16,6669,緯穎,199000,0.51%
2026-04-16,5439,高技,1756000,0.48%
2026-04-16,4979,華星光,1037000,0.42%
2026-04-16,8996,高力,535000,0.41%
2026-04-16,3264,欣銓,3055000,0.37%
2026-04-16,6187,萬潤,396000,0.3%
2026-04-16,6191,精成科,3664000,0.27%
2026-04-16,2481,強茂,3648000,0.27%
2026-04-16,3583,辛耘,527000,0.26%
2026-04-16,3376,新日興,1497000,0.2%
2026-04-16,3324,雙鴻,166000,0.12%
2026-04-16,2002,中鋼,5156000,0.07%
2026-04-16,3217,優群,556000,0.06%
2026-04-16,1319,東陽,504000,0.03%
2026-04-16,3008,大立光,12000,0.02%
2026-04-16,1815,富喬,106000,0.01%
2026-04-16,2313,華通,60000,0.01%
2026-04-16,2357,華碩,11000,0%
2026-04-16,2439,美律,11000,0%
2026-04-16,3045,台灣大,11000,0%
2026-04-17,2330,台積電,6556000,8.67%
2026-04-17,2383,台光電,3012000,7.46%
2026-04-17,2308,台達電,5103000,6.12%
2026-04-17,3653,健策,1986000,5.91%
2026-04-17,2345,智邦,4253000,5.73%
2026-04-17,2368,金像電,7091000,5.43%
2026-04-17,6223,旺矽,1582000,5.35%
2026-04-17,3665,貿聯-KY,3467848,5.34%
2026-04-17,3017,奇鋐,3405000,5.32%
2026-04-17,8046,南電,8609000,4.06%
2026-04-17,3037,欣興,9287000,3.89%
2026-04-17,5274,信驊,351000,3.16%
2026-04-17,2327,國巨*,13568000,2.8%
2026-04-17,2454,聯發科,1870000,2.34%
2026-04-17,6515,穎崴,331000,2.22%
2026-04-17,3711,日月光投控,6879000,1.98%
2026-04-17,6274,台燿,3019000,1.86%
2026-04-17,6805,富世達,1474000,1.8%
2026-04-17,2449,京元電子,9529000,1.71%
2026-04-17,6510,精測,683000,1.66%
2026-04-17,2303,聯電,28030000,1.33%
2026-04-17,8358,金居,5508000,1.32%
2026-04-17,3211,順達,3703000,0.87%
2026-04-17,6669,緯穎,349000,0.86%
2026-04-17,3661,世芯-KY,336000,0.77%
2026-04-17,3189,景碩,2826000,0.72%
2026-04-17,2404,漢唐,1014000,0.68%
2026-04-17,8210,勤誠,965000,0.64%
2026-04-17,6147,頎邦,7884000,0.59%
2026-04-17,3443,創意,271000,0.57%
2026-04-17,5439,高技,2156000,0.56%
2026-04-17,1303,南亞,8012000,0.46%
2026-04-17,8996,高力,535000,0.43%
2026-04-17,4979,華星光,1037000,0.43%
2026-04-17,3264,欣銓,3355000,0.38%
2026-04-17,6187,萬潤,419000,0.33%
2026-04-17,6488,環球晶,886000,0.29%
2026-04-17,2481,強茂,3648000,0.28%
2026-04-17,7769,鴻勁,91000,0.27%
2026-04-17,6191,精成科,3814000,0.26%
2026-04-17,3583,辛耘,527000,0.26%
2026-04-17,3376,新日興,1498000,0.19%
2026-04-17,3324,雙鴻,167000,0.11%
2026-04-17,2002,中鋼,5157000,0.07%
2026-04-17,3217,優群,557000,0.06%
2026-04-17,1319,東陽,505000,0.03%
2026-04-17,3008,大立光,13000,0.02%
2026-04-17,2313,華通,110000,0.02%
2026-04-17,1815,富喬,106000,0.01%
2026-04-17,2357,華碩,12000,0%
2026-04-21,2330,台積電,8068000,9.02%
2026-04-21,2383,台光電,3358000,7.24%
2026-04-21,2308,台達電,5819000,6.4%
2026-04-21,3653,健策,2168000,6.35%
2026-04-21,2345,智邦,4840000,5.78%
2026-04-21,3017,奇鋐,3667000,5.13%
2026-04-21,2368,金像電,7389000,4.94%
2026-04-21,3665,貿聯-KY,3692848,4.89%
2026-04-21,6223,旺矽,1698000,4.58%
2026-04-21,8046,南電,8852000,3.81%
2026-04-21,3037,欣興,9287000,3.6%
2026-04-21,2454,聯發科,2674000,3.05%
2026-04-21,5274,信驊,351000,2.92%
2026-04-21,2327,國巨*,14238000,2.51%
2026-04-21,6515,穎崴,353000,2.06%
2026-04-21,3711,日月光投控,7369000,1.9%
2026-04-21,6669,緯穎,794000,1.83%
2026-04-21,6510,精測,781000,1.75%
2026-04-21,6805,富世達,1596000,1.67%
2026-04-21,6274,台燿,3019000,1.59%
2026-04-21,2449,京元電子,10050000,1.54%
2026-04-21,3661,世芯-KY,665000,1.45%
2026-04-21,2303,聯電,29505000,1.23%
2026-04-21,8358,金居,5558000,1.19%
2026-04-21,3211,順達,3860000,0.8%
2026-04-21,3189,景碩,2826000,0.73%
2026-04-21,5439,高技,2756000,0.66%
2026-04-21,6147,頎邦,7884000,0.58%
2026-04-21,2404,漢唐,1057000,0.58%
2026-04-21,8210,勤誠,1006000,0.56%
2026-04-21,3443,創意,271000,0.55%
2026-04-21,3264,欣銓,4715000,0.53%
2026-04-21,1303,南亞,8014000,0.39%
2026-04-21,4979,華星光,1037000,0.37%
2026-04-21,8996,高力,535000,0.35%
2026-04-21,6187,萬潤,456000,0.33%
2026-04-21,6488,環球晶,948000,0.31%
2026-04-21,6191,精成科,3864000,0.24%
2026-04-21,7769,鴻勁,94000,0.23%
2026-04-21,3583,辛耘,527000,0.22%
2026-04-21,2481,強茂,3650000,0.22%
2026-04-21,3376,新日興,1560000,0.19%
2026-04-21,6415,矽力*-KY,630000,0.14%
2026-04-21,3324,雙鴻,169000,0.1%
2026-04-21,2313,華通,714000,0.1%
2026-04-21,3217,優群,630000,0.06%
2026-04-21,2002,中鋼,5159000,0.06%
2026-04-21,3008,大立光,14000,0.02%
2026-04-21,1319,東陽,507000,0.02%
2026-04-21,1815,富喬,106000,0.01%
2026-04-22,2330,台積電,8218000,8.75%
2026-04-22,2383,台光電,3681000,7.77%
2026-04-22,3653,健策,2198000,6.18%
2026-04-22,2308,台達電,5839000,6.11%
2026-04-22,2345,智邦,4902000,5.6%
2026-04-22,3017,奇鋐,3727000,5.22%
2026-04-22,3665,貿聯-KY,3812848,5.06%
2026-04-22,2368,金像電,7389000,4.8%
2026-04-22,6223,旺矽,1720000,4.31%
2026-04-22,2454,聯發科,3194000,3.81%
2026-04-22,8046,南電,8972000,3.74%
2026-04-22,3037,欣興,9287000,3.45%
2026-04-22,5274,信驊,351000,2.93%
2026-04-22,2327,國巨*,14288000,2.34%
2026-04-22,6669,緯穎,923000,2.09%
2026-04-22,6515,穎崴,357000,1.99%
2026-04-22,3711,日月光投控,7419000,1.79%
2026-04-22,6805,富世達,1646000,1.7%
2026-04-22,6510,精測,781000,1.7%
2026-04-22,6274,台燿,3019000,1.53%
2026-04-22,2449,京元電子,10180000,1.52%
2026-04-22,3661,世芯-KY,673000,1.42%
2026-04-22,2303,聯電,29889000,1.22%
2026-04-22,8358,金居,5558000,1.14%
2026-04-22,3211,順達,3880000,0.84%
2026-04-22,2317,鴻海,6715000,0.77%
2026-04-22,3189,景碩,2862000,0.73%
2026-04-22,5439,高技,2791000,0.61%
2026-04-22,6147,頎邦,7884000,0.58%
2026-04-22,8210,勤誠,1019000,0.55%
2026-04-22,2404,漢唐,1058000,0.55%
2026-04-22,3264,欣銓,4745000,0.52%
2026-04-22,3443,創意,271000,0.52%
2026-04-22,1303,南亞,8015000,0.37%
2026-04-22,4979,華星光,1037000,0.34%
2026-04-22,8996,高力,535000,0.33%
2026-04-22,6187,萬潤,461000,0.33%
2026-04-22,6488,環球晶,949000,0.3%
2026-04-22,3583,辛耘,527000,0.23%
2026-04-22,7769,鴻勁,95000,0.23%
2026-04-22,6191,精成科,3865000,0.22%
2026-04-22,2481,強茂,3651000,0.2%
2026-04-22,3376,新日興,1561000,0.18%
2026-04-22,6415,矽力*-KY,660000,0.14%
2026-04-22,3324,雙鴻,170000,0.1%
2026-04-22,2313,華通,764000,0.1%
2026-04-22,3217,優群,780000,0.07%
2026-04-22,2002,中鋼,5160000,0.05%
2026-04-22,3008,大立光,15000,0.02%
2026-04-22,1319,東陽,508000,0.02%
2026-04-23,2330,台積電,9113000,9.49%
2026-04-23,2383,台光電,3904000,8.02%
2026-04-23,3653,健策,2267000,6.03%
2026-04-23,2308,台達電,6024000,5.97%
2026-04-23,3665,貿聯-KY,3933848,5.43%
2026-04-23,2345,智邦,5057000,5.27%
2026-04-23,3017,奇鋐,3845000,5.16%
2026-04-23,2368,金像電,7389000,4.68%
2026-04-23,6223,旺矽,1774000,4.26%
2026-04-23,8046,南電,9256000,3.69%
2026-04-23,2454,聯發科,3295000,3.66%
2026-04-23,3037,欣興,9287000,3.39%
2026-04-23,5274,信驊,351000,2.75%
2026-04-23,2327,國巨*,14288000,2.11%
2026-04-23,6669,緯穎,952000,2.03%
2026-04-23,6515,穎崴,368000,1.98%
2026-04-23,3711,日月光投控,7654000,1.78%
2026-04-23,6805,富世達,1698000,1.62%
2026-04-23,6510,精測,781000,1.51%
2026-04-23,2449,京元電子,10503000,1.46%
2026-04-23,6274,台燿,3019000,1.44%
2026-04-23,3661,世芯-KY,694000,1.38%
2026-04-23,2303,聯電,30837000,1.14%
2026-04-23,8358,金居,5558000,1.03%
2026-04-23,2317,鴻海,6927000,0.78%
2026-04-23,3189,景碩,2952000,0.71%
2026-04-23,8210,勤誠,1051000,0.58%
2026-04-23,5439,高技,2880000,0.54%
2026-04-23,3443,創意,271000,0.53%
2026-04-23,6147,頎邦,7884000,0.53%
2026-04-23,2404,漢唐,1091000,0.53%
2026-04-23,3264,欣銓,4896000,0.48%
2026-04-23,8996,高力,535000,0.32%
2026-04-23,7769,鴻勁,97000,0.23%
2026-04-23,6191,精成科,3985000,0.21%
2026-04-23,3211,順達,916000,0.18%
2026-04-23,2481,強茂,3651000,0.18%
2026-04-23,3376,新日興,1561000,0.17%
2026-04-23,6415,矽力*-KY,660000,0.14%
2026-04-23,4966,譜瑞-KY,370000,0.11%
2026-04-23,6488,環球晶,332000,0.1%
2026-04-23,3324,雙鴻,170000,0.09%
2026-04-23,2313,華通,764000,0.09%
2026-04-23,3217,優群,780000,0.07%
2026-04-23,1303,南亞,1373000,0.06%
2026-04-23,2002,中鋼,5160000,0.05%
2026-04-23,3583,辛耘,57000,0.03%
2026-04-23,1319,東陽,508000,0.02%
2026-04-23,1815,富喬,107000,0.01%
2026-04-23,2357,華碩,15000,0%
2026-04-24,2330,台積電,9114000,9.39%
2026-04-24,2383,台光電,4125000,8.7%
2026-04-24,2308,台達電,6024000,5.89%
2026-04-24,3653,健策,2267000,5.74%
2026-04-24,3017,奇鋐,3902000,5.42%
2026-04-24,3665,貿聯-KY,4097848,5.34%
2026-04-24,2345,智邦,5231000,5.28%
2026-04-24,2368,金像電,7748000,5.08%
2026-04-24,8046,南電,11881000,4.9%
2026-04-24,2454,聯發科,3867000,4.44%
2026-04-24,6223,旺矽,1774000,3.89%
2026-04-24,3037,欣興,9287000,3.46%
2026-04-24,5274,信驊,351000,2.71%
2026-04-24,6669,緯穎,1101000,2.41%
2026-04-24,2327,國巨*,14288000,2%
2026-04-24,3711,日月光投控,7654000,1.79%
2026-04-24,6515,穎崴,368000,1.75%
2026-04-24,6805,富世達,1698000,1.53%
2026-04-24,6510,精測,875000,1.5%
2026-04-24,6274,台燿,3019000,1.49%
2026-04-24,2449,京元電子,10503000,1.42%
2026-04-24,3661,世芯-KY,694000,1.38%
2026-04-24,3189,景碩,5038000,1.25%
2026-04-24,2303,聯電,30837000,1.08%
2026-04-24,8358,金居,5558000,0.94%
2026-04-24,2317,鴻海,6927000,0.72%
2026-04-24,8210,勤誠,1051000,0.6%
2026-04-24,6147,頎邦,7884000,0.54%
2026-04-24,3443,創意,271000,0.52%
2026-04-24,2404,漢唐,1091000,0.51%
2026-04-24,5439,高技,2880000,0.5%
2026-04-24,3264,欣銓,4896000,0.48%
2026-04-24,8996,高力,535000,0.28%
2026-04-24,7769,鴻勁,97000,0.22%
2026-04-24,6191,精成科,3985000,0.2%
2026-04-24,2481,強茂,3651000,0.17%
2026-04-24,3211,順達,916000,0.16%
2026-04-24,3376,新日興,1561000,0.16%
2026-04-24,6415,矽力*-KY,660000,0.14%
2026-04-24,4966,譜瑞-KY,370000,0.11%
2026-04-24,3324,雙鴻,170000,0.1%
2026-04-24,6488,環球晶,332000,0.09%
2026-04-24,2313,華通,764000,0.08%
2026-04-24,3217,優群,780000,0.07%
2026-04-24,1303,南亞,1373000,0.06%
2026-04-24,2002,中鋼,5160000,0.05%
2026-04-24,1319,東陽,508000,0.02%
2026-04-24,1815,富喬,107000,0.01%
2026-04-24,2357,華碩,15000,0%
2026-04-24,2439,美律,15000,0%
2026-07-06,2330,台積電,11960000,10.33%
2026-07-06,2327,國巨*,25098000,8.86%
2026-07-06,2383,台光電,4486000,8.62%
2026-07-06,2454,聯發科,5037000,7.3%
2026-07-06,2345,智邦,6334000,5.88%
2026-07-06,6223,旺矽,2382000,5.73%
2026-07-06,2303,聯電,86550000,5.04%
2026-07-06,3037,欣興,15203000,4.89%
2026-07-06,3017,奇鋐,5191000,4.87%
2026-07-06,6669,緯穎,2417000,4.27%
2026-07-06,2368,金像電,8315000,3.58%
2026-07-06,2308,台達電,5052000,3.54%
2026-07-06,8046,南電,8949000,3.38%
2026-07-06,3665,貿聯-KY,4833848,3.3%
2026-07-06,3711,日月光投控,12742000,3.04%
2026-07-06,6274,台燿,5160000,2.95%
2026-07-06,3653,健策,2267000,2.64%
2026-07-06,5274,信驊,379000,2.17%
2026-07-06,8210,勤誠,2267000,1.03%
2026-07-06,6805,富世達,1811000,1%
2026-07-06,6515,穎崴,226000,0.71%
2026-07-06,6187,萬潤,1334000,0.48%
2026-07-06,6147,頎邦,6275000,0.48%
2026-07-06,6510,精測,411000,0.44%
2026-07-06,5439,高技,3528000,0.43%
2026-07-06,2449,京元電子,3427000,0.42%
2026-07-06,6278,台表科,4334000,0.31%
2026-07-06,6271,同欣電,2966000,0.28%
2026-07-06,1590,亞德客-KY,528000,0.26%
2026-07-06,6191,精成科,3988000,0.15%
2026-07-06,3264,欣銓,1508000,0.14%
2026-07-06,3376,新日興,1741000,0.12%
2026-07-06,4966,譜瑞-KY,140000,0.03%
2026-07-06,2002,中鋼,5163000,0.03%
2026-07-06,6488,環球晶,50000,0.02%
2026-07-06,8996,高力,1000,0%
2026-07-06,8358,金居,1000,0%
2026-07-06,3661,世芯-KY,1000,0%
2026-07-06,1815,富喬,107000,0%
2026-07-06,3443,創意,1000,0%
2026-07-06,2439,美律,1000,0%
2026-07-06,3008,大立光,1000,0%
2026-07-06,4958,臻鼎-KY,1000,0%
2026-07-06,2382,廣達,1000,0%
2026-07-06,3533,嘉澤,1000,0%
2026-07-06,2313,華通,1000,0%
2026-07-06,8150,南茂,1000,0%
2026-07-06,2317,鴻海,1000,0%
2026-07-06,5347,世界,1000,0%
2026-07-06,2481,強茂,5000,0%
2026-07-07,2330,台積電,11960000,10.77%
2026-07-07,2383,台光電,4597000,8.86%
2026-07-07,2327,國巨*,25098000,8.38%
2026-07-07,2454,聯發科,5131000,7.63%
2026-07-07,2345,智邦,6334000,5.74%
2026-07-07,6223,旺矽,2382000,5.55%
2026-07-07,2303,聯電,86550000,4.95%
2026-07-07,3037,欣興,15203000,4.71%
2026-07-07,3017,奇鋐,5191000,4.69%
2026-07-07,6669,緯穎,2417000,4.47%
2026-07-07,3665,貿聯-KY,4833848,3.53%
2026-07-07,2308,台達電,5052000,3.52%
2026-07-07,2368,金像電,8315000,3.48%
2026-07-07,8046,南電,8949000,3.4%
2026-07-07,3711,日月光投控,12742000,3.06%
2026-07-07,6274,台燿,5160000,3%
2026-07-07,3653,健策,2267000,2.67%
2026-07-07,5274,信驊,416900,2.22%
2026-07-07,6805,富世達,1811000,1%
2026-07-07,8210,勤誠,2267000,0.98%
2026-07-07,6515,穎崴,204000,0.6%
2026-07-07,6187,萬潤,1334000,0.48%
2026-07-07,6147,頎邦,6275000,0.46%
2026-07-07,5439,高技,3528000,0.43%
2026-07-07,6510,精測,411000,0.43%
2026-07-07,6278,台表科,4334000,0.31%
2026-07-07,6271,同欣電,2966000,0.27%
2026-07-07,1590,亞德客-KY,528000,0.27%
2026-07-07,2449,京元電子,1886000,0.22%
2026-07-07,6191,精成科,3988000,0.15%
2026-07-07,3264,欣銓,1508000,0.13%
2026-07-07,3376,新日興,1741000,0.12%
2026-07-07,2002,中鋼,5163000,0.04%
2026-07-07,4966,譜瑞-KY,140000,0.03%
2026-07-07,6488,環球晶,50000,0.02%
2026-07-07,8996,高力,1000,0%
2026-07-07,8358,金居,1000,0%
2026-07-07,3661,世芯-KY,1000,0%
2026-07-07,1815,富喬,107000,0%
2026-07-07,3443,創意,1000,0%
2026-07-07,2439,美律,1000,0%
2026-07-07,3008,大立光,1000,0%
2026-07-07,4958,臻鼎-KY,1000,0%
2026-07-07,2382,廣達,1000,0%
2026-07-07,3533,嘉澤,1000,0%
2026-07-07,2313,華通,1000,0%
2026-07-07,8150,南茂,1000,0%
2026-07-07,2317,鴻海,1000,0%
2026-07-07,5347,世界,1000,0%
2026-07-07,2481,強茂,5000,0%
2026-07-08,2330,台積電,11960000,10.78%
2026-07-08,2383,台光電,4597000,8.94%
2026-07-08,2327,國巨*,25098000,8.18%
2026-07-08,2454,聯發科,5131000,7.5%
2026-07-08,6223,旺矽,2443000,5.77%
2026-07-08,2345,智邦,6334000,5.59%
2026-07-08,2303,聯電,86550000,5.16%
2026-07-08,3037,欣興,15203000,4.8%
2026-07-08,6669,緯穎,2417000,4.46%
2026-07-08,3017,奇鋐,5191000,4.41%
2026-07-08,8046,南電,8949000,3.62%
2026-07-08,2368,金像電,8315000,3.5%
2026-07-08,2308,台達電,5052000,3.48%
2026-07-08,3665,貿聯-KY,4833848,3.36%
2026-07-08,6274,台燿,5160000,3.1%
2026-07-08,3711,日月光投控,12742000,2.91%
2026-07-08,3653,健策,2267000,2.65%
2026-07-08,5274,信驊,416900,2.13%
2026-07-08,8210,勤誠,2267000,0.99%
2026-07-08,6805,富世達,1811000,0.92%
2026-07-08,6515,穎崴,204000,0.57%
2026-07-08,6187,萬潤,1334000,0.47%
2026-07-08,6147,頎邦,6275000,0.46%
2026-07-08,5439,高技,3528000,0.44%
2026-07-08,6510,精測,411000,0.43%
2026-07-08,6278,台表科,4334000,0.32%
2026-07-08,6271,同欣電,2966000,0.28%
2026-07-08,1590,亞德客-KY,528000,0.26%
2026-07-08,2449,京元電子,1886000,0.21%
2026-07-08,6191,精成科,3988000,0.15%
2026-07-08,3264,欣銓,1508000,0.13%
2026-07-08,3376,新日興,1741000,0.13%
2026-07-08,2002,中鋼,5163000,0.04%
2026-07-08,4966,譜瑞-KY,140000,0.03%
2026-07-08,6488,環球晶,50000,0.02%
2026-07-08,8996,高力,1000,0%
2026-07-08,8358,金居,1000,0%
2026-07-08,3661,世芯-KY,1000,0%
2026-07-08,1815,富喬,107000,0%
2026-07-08,3443,創意,1000,0%
2026-07-08,2439,美律,1000,0%
2026-07-08,3008,大立光,1000,0%
2026-07-08,4958,臻鼎-KY,1000,0%
2026-07-08,2382,廣達,1000,0%
2026-07-08,3533,嘉澤,1000,0%
2026-07-08,2313,華通,1000,0%
2026-07-08,8150,南茂,1000,0%
2026-07-08,2317,鴻海,1000,0%
2026-07-08,5347,世界,1000,0%
2026-07-08,2481,強茂,5000,0%
2026-07-09,2330,台積電,11960000,10.51%
2026-07-09,2383,台光電,4653000,8.97%
2026-07-09,2327,國巨*,25098000,8.22%
2026-07-09,2454,聯發科,5131000,7.33%
2026-07-09,6223,旺矽,2443000,6.3%
2026-07-09,2345,智邦,6334000,5.69%
2026-07-09,3037,欣興,15779000,5.03%
2026-07-09,2303,聯電,86550000,4.91%
2026-07-09,3017,奇鋐,5191000,4.44%
2026-07-09,6669,緯穎,2417000,4.43%
2026-07-09,8046,南電,9149000,4.05%
2026-07-09,3711,日月光投控,14770000,3.64%
2026-07-09,2308,台達電,5052000,3.46%
2026-07-09,3665,貿聯-KY,4833848,3.28%
2026-07-09,2368,金像電,8315000,3.25%
2026-07-09,6274,台燿,5160000,2.95%
2026-07-09,3653,健策,2267000,2.64%
2026-07-09,5274,信驊,416900,2.07%
2026-07-09,8210,勤誠,2267000,0.97%
2026-07-09,6805,富世達,1811000,0.96%
2026-07-09,6515,穎崴,204000,0.58%
2026-07-09,6187,萬潤,1334000,0.51%
2026-07-09,6147,頎邦,6275000,0.5%
2026-07-09,6510,精測,411000,0.43%
2026-07-09,5439,高技,3528000,0.42%
2026-07-09,6278,台表科,4334000,0.31%
2026-07-09,6271,同欣電,2966000,0.27%
2026-07-09,1590,亞德客-KY,528000,0.25%
2026-07-09,2449,京元電子,1886000,0.21%
2026-07-09,6191,精成科,3988000,0.15%
2026-07-09,3264,欣銓,1508000,0.13%
2026-07-09,3376,新日興,1741000,0.12%
2026-07-09,4966,譜瑞-KY,140000,0.03%
2026-07-09,2002,中鋼,5163000,0.03%
2026-07-09,6488,環球晶,50000,0.02%
2026-07-09,8996,高力,1000,0%
2026-07-09,8358,金居,1000,0%
2026-07-09,3661,世芯-KY,1000,0%
2026-07-09,1815,富喬,107000,0%
2026-07-09,3443,創意,1000,0%
2026-07-09,2439,美律,1000,0%
2026-07-09,3008,大立光,1000,0%
2026-07-09,4958,臻鼎-KY,1000,0%
2026-07-09,2382,廣達,1000,0%
2026-07-09,3533,嘉澤,1000,0%
2026-07-09,2313,華通,1000,0%
2026-07-09,8150,南茂,1000,0%
2026-07-09,2317,鴻海,1000,0%
2026-07-09,5347,世界,1000,0%
2026-07-09,2481,強茂,5000,0%
2026-07-13,2330,台積電,11960000,10.85%
2026-07-13,2383,台光電,4653000,8.87%
2026-07-13,2327,國巨*,25098000,7.61%
2026-07-13,2454,聯發科,5131000,7.3%
2026-07-13,6223,旺矽,2443000,6.03%
2026-07-13,2345,智邦,6334000,5.66%
2026-07-13,3037,欣興,16333000,5.48%
2026-07-13,2303,聯電,86550000,4.94%
2026-07-13,6669,緯穎,2417000,4.46%
2026-07-13,8046,南電,9231000,4.36%
2026-07-13,3017,奇鋐,5191000,4.29%
2026-07-13,3711,日月光投控,15139000,3.77%
2026-07-13,2308,台達電,5052000,3.55%
2026-07-13,3665,貿聯-KY,4833848,3.35%
2026-07-13,2368,金像電,8315000,3.23%
2026-07-13,6274,台燿,5160000,2.97%
2026-07-13,3653,健策,2267000,2.69%
2026-07-13,5274,信驊,416900,2.1%
2026-07-13,8210,勤誠,2267000,0.96%
2026-07-13,6805,富世達,1811000,0.95%
2026-07-13,6515,穎崴,204000,0.56%
2026-07-13,6187,萬潤,1334000,0.51%
2026-07-13,6147,頎邦,6275000,0.46%
2026-07-13,6510,精測,411000,0.42%
2026-07-13,5439,高技,3528000,0.41%
2026-07-13,6278,台表科,4334000,0.29%
2026-07-13,6271,同欣電,2966000,0.26%
2026-07-13,1590,亞德客-KY,528000,0.26%
2026-07-13,2449,京元電子,1886000,0.22%
2026-07-13,6191,精成科,3988000,0.15%
2026-07-13,3264,欣銓,1508000,0.13%
2026-07-13,3376,新日興,1741000,0.13%
2026-07-13,2002,中鋼,5163000,0.04%
2026-07-13,6488,環球晶,50000,0.03%
2026-07-13,4966,譜瑞-KY,140000,0.03%
2026-07-13,8996,高力,1000,0%
2026-07-13,8358,金居,1000,0%
2026-07-13,3661,世芯-KY,1000,0%
2026-07-13,1815,富喬,107000,0%
2026-07-13,3443,創意,1000,0%
2026-07-13,2439,美律,1000,0%
2026-07-13,3008,大立光,1000,0%
2026-07-13,4958,臻鼎-KY,1000,0%
2026-07-13,2382,廣達,1000,0%
2026-07-13,3533,嘉澤,1000,0%
2026-07-13,2313,華通,1000,0%
2026-07-13,8150,南茂,1000,0%
2026-07-13,2317,鴻海,1000,0%
2026-07-13,5347,世界,1000,0%
2026-07-13,2481,強茂,5000,0%
2026-07-14,2330,台積電,11960000,10.96%
2026-07-14,2383,台光電,4653000,8.76%
2026-07-14,2327,國巨*,25098000,7.39%
2026-07-14,2454,聯發科,5131000,7.11%
2026-07-14,6223,旺矽,2443000,5.86%
2026-07-14,2345,智邦,6334000,5.47%
2026-07-14,3037,欣興,16333000,5.41%
2026-07-14,2303,聯電,86550000,4.95%
2026-07-14,8046,南電,9519000,4.65%
2026-07-14,6669,緯穎,2417000,4.49%
2026-07-14,3017,奇鋐,5191000,4.17%
2026-07-14,3711,日月光投控,15284000,3.71%
2026-07-14,2308,台達電,5181000,3.64%
2026-07-14,3665,貿聯-KY,4833848,3.25%
2026-07-14,2368,金像電,8315000,3.2%
2026-07-14,6274,台燿,5160000,2.73%
2026-07-14,3653,健策,2267000,2.64%
2026-07-14,5274,信驊,416900,2.05%
2026-07-14,8210,勤誠,2267000,0.95%
2026-07-14,6805,富世達,1811000,0.91%
2026-07-14,6515,穎崴,204000,0.54%
2026-07-14,6187,萬潤,1334000,0.5%
2026-07-14,6147,頎邦,6275000,0.44%
2026-07-14,5439,高技,3528000,0.39%
2026-07-14,6510,精測,349000,0.36%
2026-07-14,6278,台表科,4334000,0.28%
2026-07-14,1590,亞德客-KY,528000,0.26%
2026-07-14,6271,同欣電,2966000,0.25%
2026-07-14,2449,京元電子,1886000,0.21%
2026-07-14,6191,精成科,3988000,0.15%
2026-07-14,3376,新日興,1741000,0.13%
2026-07-14,3264,欣銓,1508000,0.12%
2026-07-14,2002,中鋼,5163000,0.04%
2026-07-14,6488,環球晶,50000,0.03%
2026-07-14,4966,譜瑞-KY,140000,0.03%
2026-07-14,8996,高力,1000,0%
2026-07-14,8358,金居,1000,0%
2026-07-14,3661,世芯-KY,1000,0%
2026-07-14,1815,富喬,107000,0%
2026-07-14,3443,創意,1000,0%
2026-07-14,2439,美律,1000,0%
2026-07-14,3008,大立光,1000,0%
2026-07-14,4958,臻鼎-KY,1000,0%
2026-07-14,2382,廣達,1000,0%
2026-07-14,3533,嘉澤,1000,0%
2026-07-14,2313,華通,1000,0%
2026-07-14,8150,南茂,1000,0%
2026-07-14,2317,鴻海,1000,0%
2026-07-14,5347,世界,1000,0%
2026-07-14,2481,強茂,5000,0%
2026-07-15,2330,台積電,11960000,10.64%
2026-07-15,2383,台光電,4653000,8.62%
2026-07-15,2327,國巨*,25098000,7.3%
2026-07-15,2454,聯發科,5131000,7%
2026-07-15,3037,欣興,16607000,5.67%
2026-07-15,6223,旺矽,2443000,5.64%
2026-07-15,2345,智邦,6334000,5.4%
2026-07-15,2303,聯電,86550000,5.24%
2026-07-15,8046,南電,9519000,4.91%
2026-07-15,6669,緯穎,2417000,4.49%
2026-07-15,3017,奇鋐,5191000,4.1%
2026-07-15,3711,日月光投控,15770000,3.93%
2026-07-15,2308,台達電,5181000,3.57%
2026-07-15,3665,貿聯-KY,4833848,3.37%
2026-07-15,2368,金像電,8315000,3.11%
2026-07-15,3653,健策,2267000,2.71%
2026-07-15,6274,台燿,5160000,2.7%
2026-07-15,5274,信驊,448900,2.28%
2026-07-15,8210,勤誠,2267000,0.95%
2026-07-15,6805,富世達,1811000,0.92%
2026-07-15,6515,穎崴,204000,0.54%
2026-07-15,6187,萬潤,1334000,0.53%
2026-07-15,6147,頎邦,6275000,0.47%
2026-07-15,2449,京元電子,4119000,0.46%
2026-07-15,5439,高技,3528000,0.38%
2026-07-15,6510,精測,349000,0.36%
2026-07-15,6278,台表科,4334000,0.28%
2026-07-15,1590,亞德客-KY,528000,0.26%
2026-07-15,6271,同欣電,2966000,0.24%
2026-07-15,6191,精成科,3988000,0.14%
2026-07-15,3376,新日興,1741000,0.13%
2026-07-15,3264,欣銓,1508000,0.12%
2026-07-15,2002,中鋼,5163000,0.04%
2026-07-15,6488,環球晶,50000,0.03%
2026-07-15,4966,譜瑞-KY,140000,0.03%
2026-07-15,8996,高力,1000,0%
2026-07-15,8358,金居,1000,0%
2026-07-15,3661,世芯-KY,1000,0%
2026-07-15,1815,富喬,107000,0%
2026-07-15,3443,創意,1000,0%
2026-07-15,2439,美律,1000,0%
2026-07-15,3008,大立光,1000,0%
2026-07-15,4958,臻鼎-KY,1000,0%
2026-07-15,2382,廣達,1000,0%
2026-07-15,3533,嘉澤,1000,0%
2026-07-15,2313,華通,1000,0%
2026-07-15,8150,南茂,1000,0%
2026-07-15,2317,鴻海,1000,0%
2026-07-15,5347,世界,1000,0%
2026-07-15,2481,強茂,5000,0%
2026-07-16,2330,台積電,11960000,10.92%
2026-07-16,2383,台光電,4653000,8.59%
2026-07-16,2327,國巨*,25098000,7.2%
2026-07-16,2454,聯發科,5131000,7.02%
2026-07-16,6223,旺矽,2443000,5.62%
2026-07-16,2345,智邦,6334000,5.43%
2026-07-16,3037,欣興,16607000,5.42%
2026-07-16,2303,聯電,86550000,5.12%
2026-07-16,6669,緯穎,2417000,4.57%
2026-07-16,8046,南電,9519000,4.49%
2026-07-16,3017,奇鋐,5191000,4.27%
2026-07-16,3711,日月光投控,16135000,4.07%
2026-07-16,2308,台達電,5181000,3.65%
2026-07-16,3665,貿聯-KY,4833848,3.49%
2026-07-16,2368,金像電,8315000,3.09%
2026-07-16,3653,健策,2267000,2.85%
2026-07-16,6274,台燿,5160000,2.47%
2026-07-16,5274,信驊,448900,2.31%
2026-07-16,8210,勤誠,2267000,0.98%
2026-07-16,6805,富世達,1811000,0.95%
2026-07-16,2449,京元電子,5193000,0.61%
2026-07-16,6187,萬潤,1334000,0.53%
2026-07-16,6147,頎邦,6275000,0.46%
2026-07-16,5439,高技,3528000,0.38%
2026-07-16,6510,精測,349000,0.35%
2026-07-16,6515,穎崴,130000,0.32%
2026-07-16,6278,台表科,4334000,0.28%
2026-07-16,1590,亞德客-KY,528000,0.26%
2026-07-16,6271,同欣電,2966000,0.25%
2026-07-16,6191,精成科,3988000,0.14%
2026-07-16,3264,欣銓,1508000,0.13%
2026-07-16,3376,新日興,1741000,0.13%
2026-07-16,2002,中鋼,5163000,0.04%
2026-07-16,4966,譜瑞-KY,140000,0.03%
2026-07-16,8996,高力,1000,0%
2026-07-16,8358,金居,1000,0%
2026-07-16,3661,世芯-KY,1000,0%
2026-07-16,1815,富喬,107000,0%
2026-07-16,3443,創意,1000,0%
2026-07-16,2439,美律,1000,0%
2026-07-16,3008,大立光,1000,0%
2026-07-16,4958,臻鼎-KY,1000,0%
2026-07-16,2382,廣達,1000,0%
2026-07-16,3533,嘉澤,1000,0%
2026-07-16,6488,環球晶,1000,0%
2026-07-16,2313,華通,1000,0%
2026-07-16,8150,南茂,1000,0%
2026-07-16,2317,鴻海,1000,0%
2026-07-16,5347,世界,1000,0%
2026-07-16,2481,強茂,5000,0%
2026-07-17,2330,台積電,11960000,10.81%
2026-07-17,2383,台光電,4653000,8.26%
2026-07-17,2327,國巨*,25098000,6.93%
2026-07-17,2454,聯發科,5131000,6.83%
2026-07-17,6223,旺矽,2443000,5.4%
2026-07-17,2345,智邦,6334000,5.23%
2026-07-17,3037,欣興,16607000,5.21%
2026-07-17,2303,聯電,86550000,4.92%
2026-07-17,3017,奇鋐,5191000,4.51%
2026-07-17,6669,緯穎,2417000,4.41%
2026-07-17,8046,南電,9519000,4.32%
2026-07-17,3711,日月光投控,16135000,3.91%
2026-07-17,2308,台達電,5181000,3.56%
2026-07-17,3665,貿聯-KY,4833848,3.37%
2026-07-17,2368,金像電,8315000,3.04%
2026-07-17,3653,健策,2267000,2.87%
2026-07-17,6274,台燿,5160000,2.38%
2026-07-17,5274,信驊,448900,2.3%
2026-07-17,8210,勤誠,2267000,0.98%
2026-07-17,6805,富世達,1811000,0.96%
2026-07-17,2449,京元電子,5193000,0.59%
2026-07-17,6187,萬潤,1334000,0.51%
2026-07-17,6147,頎邦,6275000,0.44%
2026-07-17,5439,高技,3528000,0.36%
2026-07-17,6510,精測,349000,0.36%
2026-07-17,6515,穎崴,130000,0.31%
2026-07-17,6278,台表科,4334000,0.28%
2026-07-17,1590,亞德客-KY,528000,0.26%
2026-07-17,6271,同欣電,2966000,0.24%
2026-07-17,6191,精成科,3988000,0.14%
2026-07-17,3264,欣銓,1508000,0.13%
2026-07-17,3376,新日興,1741000,0.13%
2026-07-17,2002,中鋼,5163000,0.04%
2026-07-17,4966,譜瑞-KY,140000,0.03%
2026-07-17,8996,高力,1000,0%
2026-07-17,8358,金居,1000,0%
2026-07-17,3661,世芯-KY,1000,0%
2026-07-17,1815,富喬,107000,0%
2026-07-17,3443,創意,1000,0%
2026-07-17,2439,美律,1000,0%
2026-07-17,3008,大立光,1000,0%
2026-07-17,4958,臻鼎-KY,1000,0%
2026-07-17,2382,廣達,1000,0%
2026-07-17,3533,嘉澤,1000,0%
2026-07-17,6488,環球晶,1000,0%
2026-07-17,2313,華通,1000,0%
2026-07-17,8150,南茂,1000,0%
2026-07-17,2317,鴻海,1000,0%
2026-07-17,5347,世界,1000,0%
2026-07-17,2481,強茂,5000,0%
2026-07-20,2330,台積電,11960000,11.06%
2026-07-20,2383,台光電,4653000,8.15%
2026-07-20,2454,聯發科,5131000,6.83%
2026-07-20,2327,國巨*,25098000,6.3%
2026-07-20,6223,旺矽,2443000,5.31%
2026-07-20,2345,智邦,6334000,5.28%
2026-07-20,3037,欣興,16607000,4.97%
2026-07-20,3017,奇鋐,5295000,4.51%
2026-07-20,6669,緯穎,2417000,4.51%
2026-07-20,2303,聯電,86550000,4.49%
2026-07-20,8046,南電,9519000,4.19%
2026-07-20,3711,日月光投控,16135000,3.84%
2026-07-20,2308,台達電,5247000,3.57%
2026-07-20,3665,貿聯-KY,4833848,3.51%
2026-07-20,2368,金像電,8315000,3.07%
2026-07-20,3653,健策,2267000,2.89%
2026-07-20,6274,台燿,5160000,2.31%
2026-07-20,5274,信驊,448900,2.31%
2026-07-20,8210,勤誠,2267000,0.98%
2026-07-20,6805,富世達,1811000,0.94%
2026-07-20,2449,京元電子,6197000,0.67%
2026-07-20,6187,萬潤,1334000,0.5%
2026-07-20,6147,頎邦,6275000,0.41%
2026-07-20,6510,精測,349000,0.36%
2026-07-20,5439,高技,3234000,0.32%
2026-07-20,6515,穎崴,130000,0.31%
2026-07-20,1590,亞德客-KY,528000,0.28%
2026-07-20,6278,台表科,4334000,0.27%
2026-07-20,6271,同欣電,2966000,0.23%
2026-07-20,6191,精成科,3988000,0.14%
2026-07-20,3376,新日興,1741000,0.13%
2026-07-20,3264,欣銓,1508000,0.12%
2026-07-20,2002,中鋼,5163000,0.04%
2026-07-20,4966,譜瑞-KY,140000,0.03%
2026-07-20,8996,高力,1000,0%
2026-07-20,8358,金居,1000,0%
2026-07-20,3661,世芯-KY,1000,0%
2026-07-20,1815,富喬,107000,0%
2026-07-20,3443,創意,1000,0%
2026-07-20,2439,美律,1000,0%
2026-07-20,3008,大立光,1000,0%
2026-07-20,4958,臻鼎-KY,1000,0%
2026-07-20,2382,廣達,1000,0%
2026-07-20,3533,嘉澤,1000,0%
2026-07-20,6488,環球晶,1000,0%
2026-07-20,2313,華通,1000,0%
2026-07-20,8150,南茂,1000,0%
2026-07-20,2317,鴻海,1000,0%
2026-07-20,5347,世界,1000,0%
2026-07-20,2481,強茂,5000,0%
2026-07-21,2330,台積電,11960000,10.74%
2026-07-21,2383,台光電,4653000,8.37%
2026-07-21,2454,聯發科,5131000,7.01%
2026-07-21,2327,國巨*,25098000,6.26%
2026-07-21,6223,旺矽,2443000,5.35%
2026-07-21,2345,智邦,6334000,5.24%
2026-07-21,3037,欣興,16971000,5.21%
2026-07-21,3017,奇鋐,5423000,4.69%
2026-07-21,6669,緯穎,2417000,4.5%
2026-07-21,2303,聯電,86550000,4.34%
2026-07-21,8046,南電,9519000,4.22%
2026-07-21,2308,台達電,5567000,3.8%
2026-07-21,3711,日月光投控,16135000,3.8%
2026-07-21,3665,貿聯-KY,4833848,3.6%
2026-07-21,2368,金像電,8315000,3.04%
2026-07-21,3653,健策,2267000,2.97%
2026-07-21,6274,台燿,5160000,2.37%
2026-07-21,5274,信驊,448900,2.36%
2026-07-21,6805,富世達,1881000,0.99%
2026-07-21,8210,勤誠,2267000,0.98%
2026-07-21,2449,京元電子,6197000,0.64%
2026-07-21,6187,萬潤,1334000,0.5%
2026-07-21,6147,頎邦,5752000,0.37%
2026-07-21,6510,精測,349000,0.34%
2026-07-21,6515,穎崴,130000,0.32%
2026-07-21,5439,高技,2940000,0.28%
2026-07-21,6278,台表科,4334000,0.27%
2026-07-21,1590,亞德客-KY,528000,0.27%
2026-07-21,6271,同欣電,2966000,0.22%
2026-07-21,6191,精成科,3988000,0.13%
2026-07-21,3264,欣銓,1508000,0.12%
2026-07-21,3376,新日興,1741000,0.12%
2026-07-21,2002,中鋼,5163000,0.04%
2026-07-21,4966,譜瑞-KY,140000,0.03%
2026-07-21,8996,高力,1000,0%
2026-07-21,8358,金居,1000,0%
2026-07-21,3661,世芯-KY,1000,0%
2026-07-21,1815,富喬,1000,0%
2026-07-21,3443,創意,1000,0%
2026-07-21,2439,美律,1000,0%
2026-07-21,3008,大立光,1000,0%
2026-07-21,4958,臻鼎-KY,1000,0%
2026-07-21,2382,廣達,1000,0%
2026-07-21,3533,嘉澤,1000,0%
2026-07-21,6488,環球晶,1000,0%
2026-07-21,2313,華通,1000,0%
2026-07-21,8150,南茂,1000,0%
2026-07-21,2317,鴻海,1000,0%
2026-07-21,5347,世界,1000,0%
2026-07-21,2481,強茂,5000,0%
2026-07-22,2330,台積電,11840000,10.21%
2026-07-22,2383,台光電,4653000,8.57%
2026-07-22,2454,聯發科,5131000,7.1%
2026-07-22,2327,國巨*,25098000,6.34%
2026-07-22,3037,欣興,16971000,5.53%
2026-07-22,6223,旺矽,2443000,5.27%
2026-07-22,2345,智邦,6334000,5.2%
2026-07-22,6669,緯穎,2417000,4.78%
2026-07-22,8046,南電,9519000,4.46%
2026-07-22,3017,奇鋐,5423000,4.41%
2026-07-22,2303,聯電,86550000,4.32%
2026-07-22,3711,日月光投控,16327000,3.85%
2026-07-22,2308,台達電,5567000,3.76%
2026-07-22,3665,貿聯-KY,4833848,3.67%
2026-07-22,3653,健策,2267000,2.85%
2026-07-22,2368,金像電,8315000,2.81%
2026-07-22,6274,台燿,5160000,2.51%
2026-07-22,5274,信驊,448900,2.5%
2026-07-22,6805,富世達,1881000,0.94%
2026-07-22,8210,勤誠,2267000,0.94%
2026-07-22,2449,京元電子,7089000,0.75%
2026-07-22,6187,萬潤,1334000,0.51%
2026-07-22,6147,頎邦,5229000,0.36%
2026-07-22,4958,臻鼎-KY,1682000,0.34%
2026-07-22,6510,精測,349000,0.34%
2026-07-22,1590,亞德客-KY,528000,0.27%
2026-07-22,6278,台表科,4334000,0.26%
2026-07-22,5439,高技,2646000,0.24%
2026-07-22,6271,同欣電,2966000,0.22%
2026-07-22,6515,穎崴,93000,0.22%
2026-07-22,2408,南亞科,940000,0.15%
2026-07-22,6191,精成科,3988000,0.13%
2026-07-22,3264,欣銓,1508000,0.12%
2026-07-22,3376,新日興,1741000,0.12%
2026-07-22,4966,譜瑞-KY,140000,0.03%
2026-07-22,2002,中鋼,5163000,0.03%
2026-07-22,8996,高力,1000,0%
2026-07-22,8358,金居,1000,0%
2026-07-22,3661,世芯-KY,1000,0%
2026-07-22,3443,創意,1000,0%
2026-07-22,2439,美律,1000,0%
2026-07-22,3008,大立光,1000,0%
2026-07-22,2382,廣達,1000,0%
2026-07-22,3533,嘉澤,1000,0%
2026-07-22,6488,環球晶,1000,0%
2026-07-22,2313,華通,1000,0%
2026-07-22,8150,南茂,1000,0%
2026-07-22,2317,鴻海,1000,0%
2026-07-22,5347,世界,1000,0%
2026-07-22,2481,強茂,5000,0%
2026-07-23,2330,台積電,11840000,10.17%
2026-07-23,2383,台光電,4653000,8.47%
2026-07-23,2454,聯發科,5131000,7.1%
2026-07-23,2327,國巨*,25098000,6.24%
2026-07-23,6223,旺矽,2443000,5.45%
2026-07-23,3037,欣興,16971000,5.43%
2026-07-23,2345,智邦,6334000,5.26%
2026-07-23,3017,奇鋐,5423000,4.73%
2026-07-23,6669,緯穎,2417000,4.72%
2026-07-23,2303,聯電,86550000,4.28%
2026-07-23,8046,南電,9519000,4.18%
2026-07-23,3665,貿聯-KY,4833848,3.95%
2026-07-23,3711,日月光投控,16327000,3.79%
2026-07-23,2308,台達電,5567000,3.74%
2026-07-23,3653,健策,2267000,3%
2026-07-23,2368,金像電,7478000,2.51%
2026-07-23,5274,信驊,448900,2.49%
2026-07-23,6274,台燿,5160000,2.46%
2026-07-23,6805,富世達,1931000,1%
2026-07-23,8210,勤誠,2267000,0.96%
2026-07-23,2449,京元電子,7089000,0.72%
2026-07-23,6187,萬潤,1334000,0.49%
2026-07-23,6510,精測,349000,0.34%
2026-07-23,4958,臻鼎-KY,1682000,0.3%
2026-07-23,6147,頎邦,4706000,0.3%
2026-07-23,1590,亞德客-KY,528000,0.27%
2026-07-23,6278,台表科,4334000,0.26%
2026-07-23,5439,高技,2646000,0.24%
2026-07-23,6515,穎崴,93000,0.22%
2026-07-23,6271,同欣電,2966000,0.21%
2026-07-23,2408,南亞科,940000,0.14%
2026-07-23,6191,精成科,3988000,0.13%
2026-07-23,3264,欣銓,1508000,0.12%
2026-07-23,3376,新日興,1741000,0.12%
2026-07-23,2002,中鋼,5163000,0.04%
2026-07-23,4966,譜瑞-KY,140000,0.03%
2026-07-23,8996,高力,1000,0%
2026-07-23,8358,金居,1000,0%
2026-07-23,3661,世芯-KY,1000,0%
2026-07-23,3443,創意,1000,0%
2026-07-23,2439,美律,1000,0%
2026-07-23,3008,大立光,1000,0%
2026-07-23,2382,廣達,1000,0%
2026-07-23,3533,嘉澤,1000,0%
2026-07-23,6488,環球晶,1000,0%
2026-07-23,2313,華通,1000,0%
2026-07-23,8150,南茂,1000,0%
2026-07-23,2317,鴻海,1000,0%
2026-07-23,5347,世界,1000,0%
2026-07-23,2481,強茂,5000,0%
2026-07-24,2330,台積電,11840000,10.41%
2026-07-24,2383,台光電,4653000,8.28%
2026-07-24,2454,聯發科,5131000,7.2%
2026-07-24,2327,國巨*,25098000,6.03%
2026-07-24,3037,欣興,16971000,5.33%
2026-07-24,2345,智邦,6334000,5.26%
2026-07-24,6223,旺矽,2443000,5.21%
2026-07-24,6669,緯穎,2417000,5.18%
2026-07-24,3017,奇鋐,5423000,4.83%
2026-07-24,2303,聯電,86550000,4.14%
2026-07-24,3665,貿聯-KY,4833848,3.99%
2026-07-24,8046,南電,9519000,3.95%
2026-07-24,3711,日月光投控,16327000,3.74%
2026-07-24,2308,台達電,5567000,3.72%
2026-07-24,3653,健策,2267000,2.91%
2026-07-24,2368,金像電,7478000,2.52%
2026-07-24,5274,信驊,448900,2.47%
2026-07-24,6274,台燿,5160000,2.41%
2026-07-24,6805,富世達,1931000,1.02%
2026-07-24,8210,勤誠,2267000,0.93%
2026-07-24,2449,京元電子,7089000,0.72%
2026-07-24,6187,萬潤,1334000,0.47%
2026-07-24,6510,精測,349000,0.34%
2026-07-24,4958,臻鼎-KY,1682000,0.3%
2026-07-24,4979,華星光,1874000,0.3%
2026-07-24,1590,亞德客-KY,528000,0.28%
2026-07-24,6147,頎邦,4706000,0.28%
2026-07-24,6278,台表科,4334000,0.26%
2026-07-24,5439,高技,2646000,0.23%
2026-07-24,6515,穎崴,93000,0.22%
2026-07-24,6271,同欣電,2966000,0.21%
2026-07-24,2408,南亞科,940000,0.14%
2026-07-24,6191,精成科,3988000,0.13%
2026-07-24,3264,欣銓,1508000,0.12%
2026-07-24,3376,新日興,1741000,0.12%
2026-07-24,2002,中鋼,5163000,0.04%
2026-07-24,4966,譜瑞-KY,140000,0.03%
2026-07-24,8996,高力,1000,0%
2026-07-24,8358,金居,1000,0%
2026-07-24,3661,世芯-KY,1000,0%
2026-07-24,3443,創意,1000,0%
2026-07-24,2439,美律,1000,0%
2026-07-24,3008,大立光,1000,0%
2026-07-24,2382,廣達,1000,0%
2026-07-24,3533,嘉澤,1000,0%
2026-07-24,6488,環球晶,1000,0%
2026-07-24,2313,華通,1000,0%
2026-07-24,8150,南茂,1000,0%
2026-07-24,2317,鴻海,1000,0%
2026-07-24,5347,世界,1000,0%
2026-07-27,2330,台積電,11840000,10.39%
2026-07-27,2383,台光電,4653000,8.37%
2026-07-27,2454,聯發科,5131000,7.05%
2026-07-27,2327,國巨*,25098000,5.86%
2026-07-27,3037,欣興,16971000,5.37%
2026-07-27,2345,智邦,6334000,5.3%
2026-07-27,6223,旺矽,2443000,5.22%
2026-07-27,6669,緯穎,2417000,5.19%
2026-07-27,3017,奇鋐,5423000,4.86%
2026-07-27,2303,聯電,86550000,4.07%
2026-07-27,3665,貿聯-KY,4833848,3.88%
2026-07-27,8046,南電,9519000,3.82%
2026-07-27,3711,日月光投控,16327000,3.71%
2026-07-27,2308,台達電,5567000,3.65%
2026-07-27,3653,健策,2267000,2.98%
2026-07-27,2368,金像電,7478000,2.5%
2026-07-27,5274,信驊,448900,2.46%
2026-07-27,6274,台燿,5160000,2.42%
2026-07-27,6805,富世達,1931000,1.05%
2026-07-27,8210,勤誠,2267000,0.95%
2026-07-27,2449,京元電子,7089000,0.73%
2026-07-27,6187,萬潤,1334000,0.52%
2026-07-27,6510,精測,349000,0.35%
2026-07-27,4979,華星光,1874000,0.31%
2026-07-27,4958,臻鼎-KY,1682000,0.3%
2026-07-27,1590,亞德客-KY,528000,0.28%
2026-07-27,6147,頎邦,4706000,0.27%
2026-07-27,6278,台表科,4334000,0.25%
2026-07-27,6515,穎崴,93000,0.22%
2026-07-27,6271,同欣電,2966000,0.2%
2026-07-27,5439,高技,2280000,0.2%
2026-07-27,2408,南亞科,940000,0.15%
2026-07-27,6191,精成科,3988000,0.13%
2026-07-27,3264,欣銓,1508000,0.12%
2026-07-27,3376,新日興,1741000,0.12%
2026-07-27,2002,中鋼,5163000,0.04%
2026-07-27,4966,譜瑞-KY,140000,0.03%
2026-07-27,8996,高力,1000,0%
2026-07-27,8358,金居,1000,0%
2026-07-27,3661,世芯-KY,1000,0%
2026-07-27,3443,創意,1000,0%
2026-07-27,2439,美律,1000,0%
2026-07-27,3008,大立光,1000,0%
2026-07-27,2382,廣達,1000,0%
2026-07-27,3533,嘉澤,1000,0%
2026-07-27,6488,環球晶,1000,0%
2026-07-27,2313,華通,1000,0%
2026-07-27,8150,南茂,1000,0%
2026-07-27,2317,鴻海,1000,0%
2026-07-27,5347,世界,1000,0%
2026-07-28,2330,台積電,10740000,9.71%
2026-07-28,2383,台光電,4653000,8.14%
2026-07-28,2454,聯發科,5131000,6.75%
2026-07-28,2327,國巨*,25098000,5.61%
2026-07-28,3037,欣興,16971000,5.14%
2026-07-28,2345,智邦,6334000,5.13%
2026-07-28,6669,緯穎,2417000,5.1%
2026-07-28,6223,旺矽,2443000,5.01%
2026-07-28,3017,奇鋐,5423000,4.82%
2026-07-28,3665,貿聯-KY,4833848,4.25%
2026-07-28,2303,聯電,86550000,3.9%
2026-07-28,8046,南電,9519000,3.69%
2026-07-28,3711,日月光投控,16327000,3.59%
2026-07-28,2308,台達電,5567000,3.49%
2026-07-28,3653,健策,2267000,3.03%
2026-07-28,2368,金像電,7478000,2.4%
2026-07-28,5274,信驊,448900,2.36%
2026-07-28,6274,台燿,5160000,2.31%
2026-07-28,6805,富世達,1931000,1.03%
2026-07-28,8210,勤誠,2267000,0.92%
2026-07-28,2449,京元電子,7443450,0.7%
2026-07-28,6187,萬潤,1334000,0.51%
2026-07-28,6510,精測,349000,0.34%
2026-07-28,4979,華星光,1874000,0.32%
2026-07-28,1590,亞德客-KY,528000,0.29%
2026-07-28,4958,臻鼎-KY,1682000,0.29%
2026-07-28,6147,頎邦,4706000,0.26%
2026-07-28,6278,台表科,4334000,0.25%
2026-07-28,6515,穎崴,93000,0.22%
2026-07-28,6271,同欣電,2966000,0.19%
2026-07-28,2408,南亞科,940000,0.15%
2026-07-28,5439,高技,1586000,0.13%
2026-07-28,6191,精成科,3988000,0.13%
2026-07-28,3376,新日興,1741000,0.12%
2026-07-28,3264,欣銓,1508000,0.11%
2026-07-28,2002,中鋼,5163000,0.04%
2026-07-28,4966,譜瑞-KY,140000,0.03%
2026-07-28,8996,高力,1000,0%
2026-07-28,8358,金居,1000,0%
2026-07-28,3661,世芯-KY,1000,0%
2026-07-28,3443,創意,1000,0%
2026-07-28,2439,美律,1000,0%
2026-07-28,3008,大立光,1000,0%
2026-07-28,2382,廣達,1000,0%
2026-07-28,3533,嘉澤,1000,0%
2026-07-28,6488,環球晶,1000,0%
2026-07-28,2313,華通,1000,0%
2026-07-28,8150,南茂,1000,0%
2026-07-28,2317,鴻海,1000,0%
2026-07-28,5347,世界,1000,0%
2026-07-29,2330,台積電,10740000,9.86%
2026-07-29,2383,台光電,4653000,7.96%
2026-07-29,2454,聯發科,5131000,6.75%
2026-07-29,2327,國巨*,25098000,5.31%
2026-07-29,6669,緯穎,2417000,5.18%
2026-07-29,2345,智邦,6334000,5.05%
2026-07-29,6223,旺矽,2443000,4.88%
2026-07-29,3037,欣興,16971000,4.87%
2026-07-29,3017,奇鋐,5423000,4.74%
2026-07-29,3665,貿聯-KY,4833848,4.22%
2026-07-29,2303,聯電,86550000,3.7%
2026-07-29,8046,南電,9519000,3.49%
2026-07-29,2308,台達電,5567000,3.47%
2026-07-29,3711,日月光投控,16327000,3.4%
2026-07-29,3653,健策,2267000,3.13%
2026-07-29,5274,信驊,448900,2.42%
2026-07-29,2368,金像電,7478000,2.28%
2026-07-29,6274,台燿,5160000,2.2%
2026-07-29,6805,富世達,1931000,1.02%
2026-07-29,8210,勤誠,2267000,0.93%
2026-07-29,2449,京元電子,7443450,0.66%
2026-07-29,6187,萬潤,1334000,0.5%
2026-07-29,6510,精測,319000,0.32%
2026-07-29,4979,華星光,1874000,0.3%
2026-07-29,1590,亞德客-KY,528000,0.29%
2026-07-29,4958,臻鼎-KY,1682000,0.28%
2026-07-29,6278,台表科,3972000,0.23%
2026-07-29,6515,穎崴,93000,0.21%
2026-07-29,6147,頎邦,3764000,0.2%
2026-07-29,6271,同欣電,2718000,0.17%
2026-07-29,2408,南亞科,940000,0.14%
2026-07-29,6191,精成科,3988000,0.13%
2026-07-29,3376,新日興,1741000,0.12%
2026-07-29,3264,欣銓,1508000,0.11%
2026-07-29,5439,高技,1056000,0.09%
2026-07-29,2002,中鋼,5163000,0.04%
2026-07-29,4966,譜瑞-KY,140000,0.03%
2026-07-29,8996,高力,1000,0%
2026-07-29,8358,金居,1000,0%
2026-07-29,3661,世芯-KY,1000,0%
2026-07-29,3443,創意,1000,0%
2026-07-29,2439,美律,1000,0%
2026-07-29,3008,大立光,1000,0%
2026-07-29,2382,廣達,1000,0%
2026-07-29,3533,嘉澤,1000,0%
2026-07-29,6488,環球晶,1000,0%
2026-07-29,2313,華通,1000,0%
2026-07-29,8150,南茂,1000,0%
2026-07-29,2317,鴻海,1000,0%
2026-07-29,5347,世界,1000,0%
2026-07-30,2330,台積電,10740000,9.71%
2026-07-30,2383,台光電,4715000,8.34%
2026-07-30,2454,聯發科,5200000,6.89%
2026-07-30,3037,欣興,17833000,5.23%
2026-07-30,2345,智邦,6419000,5.09%
2026-07-30,6669,緯穎,2449000,4.92%
2026-07-30,6223,旺矽,2443000,4.81%
2026-07-30,2327,國巨*,25437000,4.76%
2026-07-30,3017,奇鋐,5496000,4.75%
2026-07-30,2303,聯電,87718000,3.95%
2026-07-30,3665,貿聯-KY,4898848,3.83%
2026-07-30,2308,台達電,5642000,3.54%
2026-07-30,3711,日月光投控,16327000,3.38%
2026-07-30,8046,南電,9519000,3.27%
2026-07-30,3653,健策,2297000,2.95%
2026-07-30,5274,信驊,454900,2.46%
2026-07-30,2368,金像電,7579000,2.24%
2026-07-30,6274,台燿,5229000,2.16%
2026-07-30,6805,富世達,1957000,0.99%
2026-07-30,8210,勤誠,2297000,0.9%
2026-07-30,2449,京元電子,7543450,0.63%
2026-07-30,6187,萬潤,1334000,0.46%
2026-07-30,1590,亞德客-KY,528000,0.29%
2026-07-30,4979,華星光,1874000,0.27%
2026-07-30,6510,精測,289000,0.27%
2026-07-30,4958,臻鼎-KY,1682000,0.26%
2026-07-30,6515,穎崴,93000,0.2%
2026-07-30,6278,台表科,3610000,0.19%
2026-07-30,6271,同欣電,2470000,0.15%
2026-07-30,6147,頎邦,2822000,0.14%
2026-07-30,6191,精成科,3988000,0.13%
2026-07-30,2408,南亞科,940000,0.13%
2026-07-30,3376,新日興,1741000,0.11%
2026-07-30,3264,欣銓,1508000,0.1%
2026-07-30,5439,高技,526000,0.04%
2026-07-30,2002,中鋼,5163000,0.04%
2026-07-30,4966,譜瑞-KY,140000,0.03%
2026-07-30,8996,高力,1000,0%
2026-07-30,8358,金居,1000,0%
2026-07-30,3661,世芯-KY,1000,0%
2026-07-30,3443,創意,1000,0%
2026-07-30,2439,美律,1000,0%
2026-07-30,3008,大立光,1000,0%
2026-07-30,2382,廣達,1000,0%
2026-07-30,3533,嘉澤,1000,0%
2026-07-30,6488,環球晶,1000,0%
2026-07-30,2313,華通,1000,0%
2026-07-30,8150,南茂,1000,0%
2026-07-30,2317,鴻海,1000,0%
2026-07-30,5347,世界,1000,0%
2026-07-31,2330,台積電,10740000,9.04%
2026-07-31,2383,台光電,4715000,7.77%
2026-07-31,2454,聯發科,5200000,6.42%
2026-07-31,3037,欣興,17833000,4.87%
2026-07-31,6669,緯穎,2564000,4.8%
2026-07-31,2345,智邦,6419000,4.74%
2026-07-31,3017,奇鋐,5666000,4.56%
2026-07-31,6223,旺矽,2443000,4.48%
2026-07-31,2327,國巨*,25437000,4.43%
2026-07-31,3665,貿聯-KY,5130848,3.74%
2026-07-31,2303,聯電,87718000,3.69%
2026-07-31,2308,台達電,5932000,3.38%
2026-07-31,3711,日月光投控,16327000,3.15%
2026-07-31,8046,南電,9519000,3.04%
2026-07-31,3653,健策,2375000,2.84%
2026-07-31,5274,信驊,454900,2.29%
2026-07-31,2368,金像電,7579000,2.09%
2026-07-31,6274,台燿,5229000,2.02%
2026-07-31,6805,富世達,1957000,0.92%
2026-07-31,8210,勤誠,2297000,0.83%
2026-07-31,2449,京元電子,7543450,0.59%
2026-07-31,6187,萬潤,1334000,0.43%
2026-07-31,2360,致茂,348000,0.25%
2026-07-31,1590,亞德客-KY,528000,0.24%
2026-07-31,4958,臻鼎-KY,1682000,0.24%
2026-07-31,4979,華星光,1874000,0.24%
2026-07-31,6510,精測,261000,0.23%
2026-07-31,6515,穎崴,93000,0.19%
2026-07-31,6278,台表科,3250000,0.16%
2026-07-31,6271,同欣電,2224000,0.12%
2026-07-31,2408,南亞科,940000,0.12%
2026-07-31,6191,精成科,3988000,0.11%
2026-07-31,3376,新日興,1741000,0.1%
2026-07-31,3264,欣銓,1508000,0.09%
2026-07-31,6147,頎邦,1880000,0.08%
2026-07-31,4966,譜瑞-KY,140000,0.03%
2026-07-31,2002,中鋼,5163000,0.03%
2026-07-31,8996,高力,1000,0%
2026-07-31,8358,金居,1000,0%
2026-07-31,3661,世芯-KY,1000,0%
2026-07-31,3443,創意,1000,0%
2026-07-31,2439,美律,1000,0%
2026-07-31,3008,大立光,1000,0%
2026-07-31,2382,廣達,1000,0%
2026-07-31,3533,嘉澤,1000,0%
2026-07-31,6488,環球晶,1000,0%
2026-07-31,2313,華通,1000,0%
2026-07-31,8150,南茂,1000,0%
2026-07-31,2317,鴻海,1000,0%
2026-07-31,5347,世界,1000,0%
2026-08-03,2330,台積電,10740000,8.44%
2026-08-03,2383,台光電,4797000,7.92%
2026-08-03,2454,聯發科,5259000,6.82%
2026-08-03,6669,緯穎,2708000,5.32%
2026-08-03,3037,欣興,17992000,5.16%
2026-08-03,2345,智邦,6419000,4.97%
2026-08-03,3017,奇鋐,5801000,4.91%
2026-08-03,6223,旺矽,2443000,4.7%
2026-08-03,2327,國巨*,25437000,4.66%
2026-08-03,3665,貿聯-KY,5130848,3.56%
2026-08-03,2303,聯電,87718000,3.43%
2026-08-03,3711,日月光投控,16327000,3.3%
2026-08-03,2308,台達電,5932000,3.11%
2026-08-03,8046,南電,9519000,3.01%
2026-08-03,3653,健策,2375000,2.97%
2026-08-03,5274,信驊,454900,2.41%
2026-08-03,2368,金像電,7579000,2.19%
2026-08-03,6274,台燿,5229000,2.12%
2026-08-03,6805,富世達,1957000,0.95%
2026-08-03,2449,京元電子,11295450,0.87%
2026-08-03,8210,勤誠,2297000,0.83%
2026-08-03,6187,萬潤,1334000,0.44%
2026-08-03,2360,致茂,472000,0.31%
2026-08-03,1590,亞德客-KY,528000,0.25%
2026-08-03,4979,華星光,1874000,0.25%
2026-08-03,4958,臻鼎-KY,1682000,0.24%
2026-08-03,6510,精測,261000,0.23%
2026-08-03,6515,穎崴,93000,0.19%
2026-08-03,6278,台表科,3250000,0.16%
2026-08-03,6271,同欣電,2224000,0.12%
2026-08-03,2408,南亞科,940000,0.12%
2026-08-03,6191,精成科,3988000,0.11%
2026-08-03,3376,新日興,1741000,0.1%
2026-08-03,3264,欣銓,1508000,0.09%
2026-08-03,2049,上銀,430000,0.05%
2026-08-03,6147,頎邦,938000,0.04%
2026-08-03,4966,譜瑞-KY,140000,0.03%
2026-08-03,2002,中鋼,5163000,0.03%
2026-08-03,8996,高力,1000,0%
2026-08-03,8358,金居,1000,0%
2026-08-03,3661,世芯-KY,1000,0%
2026-08-03,3443,創意,1000,0%
2026-08-03,2439,美律,1000,0%
2026-08-03,3008,大立光,1000,0%
2026-08-03,2382,廣達,1000,0%
2026-08-03,3533,嘉澤,1000,0%
2026-08-03,6488,環球晶,1000,0%
2026-08-03,2313,華通,1000,0%
2026-08-03,8150,南茂,1000,0%
2026-08-03,2317,鴻海,1000,0%
2026-08-04,2330,台積電,11959000,9.3%
2026-08-04,2383,台光電,4863000,8.38%
2026-08-04,2454,聯發科,5448000,7.06%
2026-08-04,3037,欣興,20210000,6.26%
2026-08-04,6669,緯穎,2708000,5.63%
2026-08-04,3017,奇鋐,5801000,5.06%
2026-08-04,2345,智邦,6419000,4.99%
2026-08-04,6223,旺矽,2443000,4.83%
2026-08-04,2327,國巨*,25437000,4.83%
2026-08-04,3665,貿聯-KY,5130848,3.96%
2026-08-04,2303,聯電,87718000,3.48%
2026-08-04,8046,南電,9519000,3.33%
2026-08-04,3653,健策,2375000,3.3%
2026-08-04,2308,台達電,5932000,3.22%
2026-08-04,3711,日月光投控,16327000,3.2%
2026-08-04,6274,台燿,5499000,2.47%
2026-08-04,5274,信驊,454900,2.36%
2026-08-04,2368,金像電,7579000,2.28%
2026-08-04,6805,富世達,1957000,1.04%
2026-08-04,2449,京元電子,11295450,0.93%
2026-08-04,8210,勤誠,2297000,0.89%
2026-08-04,6187,萬潤,1334000,0.49%
2026-08-04,2360,致茂,472000,0.3%
2026-08-04,4979,華星光,1874000,0.28%
2026-08-04,1590,亞德客-KY,528000,0.25%
2026-08-04,4958,臻鼎-KY,1682000,0.25%
2026-08-04,6510,精測,261000,0.24%
2026-08-04,6515,穎崴,93000,0.2%
2026-08-04,6278,台表科,3250000,0.17%
2026-08-04,8996,高力,412000,0.14%
2026-08-04,2408,南亞科,940000,0.14%
2026-08-04,6271,同欣電,2224000,0.13%
2026-08-04,2049,上銀,1080000,0.12%
2026-08-04,6191,精成科,3988000,0.11%
2026-08-04,3264,欣銓,1508000,0.1%
2026-08-04,3376,新日興,1741000,0.1%
2026-08-04,4966,譜瑞-KY,140000,0.03%
2026-08-04,2002,中鋼,5163000,0.03%
2026-08-04,8358,金居,1000,0%
2026-08-04,3661,世芯-KY,1000,0%
2026-08-04,3443,創意,1000,0%
2026-08-04,2439,美律,1000,0%
2026-08-04,3008,大立光,1000,0%
2026-08-04,2382,廣達,1000,0%
2026-08-04,3533,嘉澤,1000,0%
2026-08-04,6488,環球晶,1000,0%
2026-08-04,2313,華通,1000,0%
2026-08-04,8150,南茂,1000,0%
2026-08-04,2317,鴻海,1000,0%
2026-08-04,5347,世界,1000,0%
2026-08-05,2330,台積電,12134000,9.5%
2026-08-05,2383,台光電,4863000,8.31%
2026-08-05,2454,聯發科,5448000,7.1%
2026-08-05,3037,欣興,20210000,6.38%
2026-08-05,6669,緯穎,2708000,5.45%
2026-08-05,3017,奇鋐,5801000,5.16%
2026-08-05,2345,智邦,6419000,4.99%
2026-08-05,6223,旺矽,2443000,4.97%
2026-08-05,2327,國巨*,25437000,4.79%
2026-08-05,3665,貿聯-KY,5130848,3.94%
2026-08-05,2303,聯電,87718000,3.49%
2026-08-05,3711,日月光投控,17439000,3.37%
2026-08-05,3653,健策,2375000,3.36%
2026-08-05,8046,南電,9519000,3.29%
2026-08-05,2308,台達電,5932000,3.19%
2026-08-05,6274,台燿,5499000,2.63%
2026-08-05,5274,信驊,454900,2.37%
2026-08-05,2368,金像電,5556000,1.7%
2026-08-05,6805,富世達,1957000,1.02%
2026-08-05,2449,京元電子,11295450,0.91%
2026-08-05,8210,勤誠,2297000,0.88%
2026-08-05,6187,萬潤,1334000,0.46%
2026-08-05,4979,華星光,1874000,0.3%
2026-08-05,2360,致茂,472000,0.29%
2026-08-05,4958,臻鼎-KY,1682000,0.27%
2026-08-05,1590,亞德客-KY,528000,0.26%
2026-08-05,8996,高力,712000,0.24%
2026-08-05,6510,精測,261000,0.23%
2026-08-05,6515,穎崴,93000,0.21%
2026-08-05,6278,台表科,3250000,0.18%
2026-08-05,6271,同欣電,2224000,0.14%
2026-08-05,2408,南亞科,940000,0.14%
2026-08-05,2049,上銀,1080000,0.13%
2026-08-05,6191,精成科,3988000,0.11%
2026-08-05,3264,欣銓,1508000,0.1%
2026-08-05,3376,新日興,1741000,0.1%
2026-08-05,4966,譜瑞-KY,140000,0.03%
2026-08-05,2002,中鋼,5163000,0.03%
2026-08-05,8358,金居,1000,0%
2026-08-05,3661,世芯-KY,1000,0%
2026-08-05,3443,創意,1000,0%
2026-08-05,2439,美律,1000,0%
2026-08-05,3008,大立光,1000,0%
2026-08-05,2382,廣達,1000,0%
2026-08-05,3533,嘉澤,1000,0%
2026-08-05,6488,環球晶,1000,0%
2026-08-05,2313,華通,1000,0%
2026-08-05,8150,南茂,1000,0%
2026-08-05,2317,鴻海,1000,0%
2026-08-05,5347,世界,1000,0%
2026-08-06,2330,台積電,12134000,9.28%
2026-08-06,2383,台光電,4863000,8.34%
2026-08-06,2454,聯發科,5448000,6.9%
2026-08-06,3037,欣興,20210000,6.36%
2026-08-06,3017,奇鋐,5801000,5.51%
2026-08-06,6669,緯穎,2708000,5.49%
2026-08-06,2345,智邦,6419000,5%
2026-08-06,6223,旺矽,2443000,4.98%
2026-08-06,2327,國巨*,25437000,4.69%
2026-08-06,3665,貿聯-KY,5130848,3.93%
2026-08-06,2308,台達電,6505000,3.53%
2026-08-06,2303,聯電,87718000,3.45%
2026-08-06,3653,健策,2375000,3.42%
2026-08-06,8046,南電,9519000,3.4%
2026-08-06,3711,日月光投控,17439000,3.35%
2026-08-06,6274,台燿,5499000,2.72%
2026-08-06,5274,信驊,454900,2.46%
2026-08-06,2368,金像電,5000000,1.59%
2026-08-06,6805,富世達,2053000,1.17%
2026-08-06,8210,勤誠,2497000,1%
2026-08-06,2449,京元電子,11295450,0.91%
2026-08-06,6187,萬潤,1334000,0.51%
2026-08-06,4979,華星光,1874000,0.3%
2026-08-06,2360,致茂,472000,0.3%
2026-08-06,1590,亞德客-KY,528000,0.27%
2026-08-06,8996,高力,712000,0.26%
2026-08-06,4958,臻鼎-KY,1682000,0.26%
2026-08-06,6510,精測,261000,0.24%
2026-08-06,6278,台表科,3250000,0.17%
2026-08-06,6271,同欣電,2224000,0.14%
2026-08-06,2408,南亞科,940000,0.14%
2026-08-06,2049,上銀,1080000,0.13%
2026-08-06,6191,精成科,3988000,0.11%
2026-08-06,3376,新日興,1741000,0.11%
2026-08-06,3264,欣銓,1508000,0.1%
2026-08-06,6515,穎崴,23000,0.05%
2026-08-06,4966,譜瑞-KY,140000,0.03%
2026-08-06,2002,中鋼,5163000,0.03%
2026-08-06,8358,金居,1000,0%
2026-08-06,3661,世芯-KY,1000,0%
2026-08-06,3443,創意,1000,0%
2026-08-06,2439,美律,1000,0%
2026-08-06,3008,大立光,1000,0%
2026-08-06,2382,廣達,1000,0%
2026-08-06,3533,嘉澤,1000,0%
2026-08-06,6488,環球晶,1000,0%
2026-08-06,2313,華通,1000,0%
2026-08-06,8150,南茂,1000,0%
2026-08-06,2317,鴻海,1000,0%
2026-08-06,5347,世界,1000,0%
2026-08-07,2330,台積電,12134000,9.63%
2026-08-07,2383,台光電,4863000,8.53%
2026-08-07,2454,聯發科,5448000,7.11%
2026-08-07,3037,欣興,20210000,6.46%
2026-08-07,6669,緯穎,2708000,5.53%
2026-08-07,3017,奇鋐,5801000,5.41%
2026-08-07,6223,旺矽,2443000,4.99%
2026-08-07,2345,智邦,6419000,4.76%
2026-08-07,2327,國巨*,25437000,4.6%
2026-08-07,2308,台達電,6706000,3.7%
2026-08-07,3653,健策,2375000,3.48%
2026-08-07,8046,南電,9519000,3.44%
2026-08-07,3711,日月光投控,17439000,3.42%
2026-08-07,2303,聯電,87718000,3.41%
2026-08-07,3665,貿聯-KY,4616848,3.4%
2026-08-07,6274,台燿,5499000,2.65%
2026-08-07,5274,信驊,454900,2.49%
2026-08-07,2368,金像電,5000000,1.64%
2026-08-07,6805,富世達,2053000,1.15%
2026-08-07,8210,勤誠,2497000,0.93%
2026-08-07,2449,京元電子,11295450,0.92%
2026-08-07,6187,萬潤,1334000,0.5%
2026-08-07,2360,致茂,572000,0.39%
2026-08-07,4979,華星光,1874000,0.31%
2026-08-07,1590,亞德客-KY,528000,0.27%
2026-08-07,4958,臻鼎-KY,1682000,0.27%
2026-08-07,8996,高力,712000,0.25%
2026-08-07,6510,精測,261000,0.24%
2026-08-07,6278,台表科,3250000,0.17%
2026-08-07,6271,同欣電,2224000,0.14%
2026-08-07,2408,南亞科,940000,0.14%
2026-08-07,6191,精成科,3988000,0.11%
2026-08-07,3376,新日興,1741000,0.11%
2026-08-07,3264,欣銓,1508000,0.1%
2026-08-07,6515,穎崴,23000,0.05%
2026-08-07,4966,譜瑞-KY,140000,0.03%
2026-08-07,2002,中鋼,5163000,0.03%
2026-08-07,8358,金居,1000,0%
2026-08-07,3661,世芯-KY,1000,0%
2026-08-07,3443,創意,1000,0%
2026-08-07,2439,美律,1000,0%
2026-08-07,3008,大立光,1000,0%
2026-08-07,2382,廣達,1000,0%
2026-08-07,3533,嘉澤,1000,0%
2026-08-07,6488,環球晶,1000,0%
2026-08-07,2313,華通,1000,0%
2026-08-07,8150,南茂,1000,0%
2026-08-07,2317,鴻海,1000,0%
2026-08-07,5347,世界,1000,0%
2026-08-07,2481,強茂,5000,0%
2026-08-11,2330,台積電,12134000,9.6%
2026-08-11,2383,台光電,4863000,8.9%
2026-08-11,2454,聯發科,5448000,7.24%
2026-08-11,3037,欣興,20210000,6.63%
2026-08-11,3017,奇鋐,5801000,5.29%
2026-08-11,2327,國巨*,25437000,5.19%
2026-08-11,6223,旺矽,2443000,5.1%
2026-08-11,6669,緯穎,2496000,4.89%
2026-08-11,2345,智邦,6419000,4.53%
2026-08-11,2308,台達電,7070000,4.22%
2026-08-11,3711,日月光投控,19529000,4.06%
2026-08-11,8046,南電,9519000,3.62%
2026-08-11,2303,聯電,87718000,3.57%
2026-08-11,3665,貿聯-KY,4616848,3.36%
2026-08-11,3653,健策,2375000,3.19%
2026-08-11,6274,台燿,5499000,2.92%
2026-08-11,5274,信驊,454900,2.47%
2026-08-11,6805,富世達,2215000,1.31%
2026-08-11,2368,金像電,4000000,1.27%
2026-08-11,2449,京元電子,11295450,0.92%
2026-08-11,8210,勤誠,2497000,0.84%
2026-08-11,6187,萬潤,1334000,0.46%
2026-08-11,2360,致茂,572000,0.39%
2026-08-11,4979,華星光,2174000,0.37%
2026-08-11,6510,精測,361000,0.33%
2026-08-11,4958,臻鼎-KY,1682000,0.27%
2026-08-11,8996,高力,712000,0.25%
2026-08-11,3264,欣銓,3080000,0.22%
2026-08-11,6278,台表科,3250000,0.18%
2026-08-11,6271,同欣電,2224000,0.14%
2026-08-11,6191,精成科,3988000,0.11%
2026-08-11,3376,新日興,1741000,0.11%
2026-08-11,6515,穎崴,23000,0.05%
2026-08-11,4966,譜瑞-KY,140000,0.03%
2026-08-11,2002,中鋼,5163000,0.03%
2026-08-11,8358,金居,1000,0%
2026-08-11,3661,世芯-KY,1000,0%
2026-08-11,3443,創意,1000,0%
2026-08-11,2439,美律,1000,0%
2026-08-11,1590,亞德客-KY,1000,0%
2026-08-11,3008,大立光,1000,0%
2026-08-11,2382,廣達,1000,0%
2026-08-11,3533,嘉澤,1000,0%
2026-08-11,2408,南亞科,1000,0%
2026-08-11,6488,環球晶,1000,0%
2026-08-11,2313,華通,1000,0%
2026-08-11,8150,南茂,1000,0%
2026-08-11,2317,鴻海,1000,0%
2026-08-11,5347,世界,1000,0%
2026-08-11,2481,強茂,5000,0%
2026-08-12,2330,台積電,12134000,9.54%
2026-08-12,2383,台光電,4863000,9.07%
2026-08-12,2454,聯發科,5448000,7.12%
2026-08-12,3037,欣興,20210000,6.58%
2026-08-12,3017,奇鋐,5900000,5.59%
2026-08-12,6223,旺矽,2443000,5.25%
2026-08-12,2327,國巨*,25437000,4.99%
2026-08-12,6669,緯穎,2496000,4.9%
2026-08-12,2345,智邦,6419000,4.63%
2026-08-12,2308,台達電,7070000,4.12%
2026-08-12,8046,南電,9634000,3.97%
2026-08-12,3711,日月光投控,19529000,3.95%
2026-08-12,2303,聯電,87718000,3.51%
2026-08-12,3653,健策,2375000,3.46%
2026-08-12,3665,貿聯-KY,4616848,3.24%
2026-08-12,6274,台燿,5499000,2.87%
2026-08-12,5274,信驊,484900,2.74%
2026-08-12,6805,富世達,2265000,1.35%
2026-08-12,2368,金像電,4000000,1.3%
2026-08-12,2449,京元電子,11295450,0.95%
2026-08-12,8210,勤誠,2497000,0.82%
2026-08-12,6187,萬潤,1334000,0.5%
2026-08-12,4979,華星光,2424000,0.44%
2026-08-12,2360,致茂,622000,0.44%
2026-08-12,6510,精測,478000,0.44%
2026-08-12,8996,高力,802000,0.31%
2026-08-12,4958,臻鼎-KY,1682000,0.26%
2026-08-12,3264,欣銓,3080000,0.22%
2026-08-12,6278,台表科,3250000,0.18%
2026-08-12,6271,同欣電,2224000,0.14%
2026-08-12,6191,精成科,3988000,0.11%
2026-08-12,3376,新日興,1741000,0.11%
2026-08-12,6515,穎崴,23000,0.05%
2026-08-12,4966,譜瑞-KY,140000,0.03%
2026-08-12,2002,中鋼,5163000,0.03%
2026-08-12,8358,金居,1000,0%
2026-08-12,3661,世芯-KY,1000,0%
2026-08-12,3443,創意,1000,0%
2026-08-12,2439,美律,1000,0%
2026-08-12,1590,亞德客-KY,1000,0%
2026-08-12,3008,大立光,1000,0%
2026-08-12,2382,廣達,1000,0%
2026-08-12,3533,嘉澤,1000,0%
2026-08-12,2408,南亞科,1000,0%
2026-08-12,6488,環球晶,1000,0%
2026-08-12,2313,華通,1000,0%
2026-08-12,8150,南茂,1000,0%
2026-08-12,2317,鴻海,1000,0%
2026-08-12,5347,世界,1000,0%
2026-08-12,2481,強茂,5000,0%
2026-08-13,2330,台積電,12134000,9.48%
2026-08-13,2383,台光電,4863000,8.88%
2026-08-13,2454,聯發科,5448000,7.39%
2026-08-13,3037,欣興,20210000,6.49%
2026-08-13,3017,奇鋐,5900000,6.06%
2026-08-13,2327,國巨*,25437000,5.4%
2026-08-13,6223,旺矽,2443000,5.09%
2026-08-13,6669,緯穎,2496000,4.86%
2026-08-13,2345,智邦,6594000,4.8%
2026-08-13,2308,台達電,7070000,4.28%
2026-08-13,3711,日月光投控,19529000,3.92%
2026-08-13,8046,南電,9634000,3.76%
2026-08-13,3653,健策,2375000,3.53%
2026-08-13,2303,聯電,87718000,3.5%
2026-08-13,3665,貿聯-KY,4616848,3.27%
2026-08-13,6274,台燿,5499000,2.82%
2026-08-13,5274,信驊,484900,2.72%
2026-08-13,6805,富世達,2265000,1.33%
2026-08-13,2368,金像電,4000000,1.3%
2026-08-13,2449,京元電子,11295450,0.92%
2026-08-13,8210,勤誠,2497000,0.79%
2026-08-13,6187,萬潤,1334000,0.54%
2026-08-13,2360,致茂,622000,0.46%
2026-08-13,3264,欣銓,5918000,0.44%
2026-08-13,4979,華星光,2424000,0.44%
2026-08-13,6510,精測,478000,0.43%
2026-08-13,8996,高力,802000,0.33%
2026-08-13,4958,臻鼎-KY,1682000,0.26%
2026-08-13,6278,台表科,3250000,0.18%
2026-08-13,6271,同欣電,2224000,0.14%
2026-08-13,6191,精成科,3988000,0.11%
2026-08-13,3376,新日興,1741000,0.11%
2026-08-13,6515,穎崴,13000,0.03%
2026-08-13,4966,譜瑞-KY,140000,0.03%
2026-08-13,2002,中鋼,5163000,0.03%
2026-08-13,8358,金居,1000,0%
2026-08-13,3661,世芯-KY,1000,0%
2026-08-13,3443,創意,1000,0%
2026-08-13,2439,美律,1000,0%
2026-08-13,1590,亞德客-KY,1000,0%
2026-08-13,3008,大立光,1000,0%
2026-08-13,2382,廣達,1000,0%
2026-08-13,3533,嘉澤,1000,0%
2026-08-13,2408,南亞科,1000,0%
2026-08-13,6488,環球晶,1000,0%
2026-08-13,2313,華通,1000,0%
2026-08-13,8150,南茂,1000,0%
2026-08-13,2317,鴻海,1000,0%
2026-08-13,5347,世界,1000,0%
2026-08-13,2481,強茂,5000,0%
2026-08-14,2383,台光電,4863000,9.6%
2026-08-14,2330,台積電,12134000,9.3%
2026-08-14,2454,聯發科,5448000,7.34%
2026-08-14,3037,欣興,20210000,6.6%
2026-08-14,3017,奇鋐,5900000,6.11%
2026-08-14,6669,緯穎,2496000,5.14%
2026-08-14,2327,國巨*,25437000,5.06%
2026-08-14,6223,旺矽,2443000,5.04%
2026-08-14,2345,智邦,6594000,4.85%
2026-08-14,2308,台達電,7070000,4.27%
2026-08-14,8046,南電,9634000,4.02%
2026-08-14,3711,日月光投控,19529000,3.85%
2026-08-14,3653,健策,2375000,3.69%
2026-08-14,2303,聯電,87718000,3.4%
2026-08-14,3665,貿聯-KY,4616848,3.25%
2026-08-14,6274,台燿,5499000,2.95%
2026-08-14,5274,信驊,484900,2.75%
2026-08-14,6805,富世達,2265000,1.31%
2026-08-14,2368,金像電,4000000,1.3%
2026-08-14,2449,京元電子,11295450,0.89%
2026-08-14,8210,勤誠,2497000,0.8%
2026-08-14,6187,萬潤,1334000,0.54%
2026-08-14,2360,致茂,622000,0.46%
2026-08-14,6510,精測,478000,0.46%
2026-08-14,3264,欣銓,5918000,0.43%
2026-08-14,4979,華星光,2424000,0.41%
2026-08-14,8996,高力,802000,0.33%
2026-08-14,4958,臻鼎-KY,1682000,0.26%
2026-08-14,6278,台表科,3250000,0.18%
2026-08-14,6271,同欣電,2224000,0.14%
2026-08-14,6191,精成科,3988000,0.11%
2026-08-14,3376,新日興,1741000,0.11%
2026-08-14,6515,穎崴,13000,0.03%
2026-08-14,4966,譜瑞-KY,140000,0.03%
2026-08-14,2002,中鋼,5163000,0.03%
2026-08-14,8358,金居,1000,0%
2026-08-14,3661,世芯-KY,1000,0%
2026-08-14,3443,創意,1000,0%
2026-08-14,2439,美律,1000,0%
2026-08-14,1590,亞德客-KY,1000,0%
2026-08-14,3008,大立光,1000,0%
2026-08-14,2382,廣達,1000,0%
2026-08-14,3533,嘉澤,1000,0%
2026-08-14,2408,南亞科,1000,0%
2026-08-14,6488,環球晶,1000,0%
2026-08-14,2313,華通,1000,0%
2026-08-14,8150,南茂,1000,0%
2026-08-14,2317,鴻海,1000,0%
2026-08-14,5347,世界,1000,0%
2026-08-14,2481,強茂,5000,0%
2026-08-17,2383,台光電,4863000,10%
2026-08-17,2330,台積電,12134000,9.43%
2026-08-17,3037,欣興,20330000,7.38%
2026-08-17,2454,聯發科,5448000,7.15%
2026-08-17,3017,奇鋐,5900000,6.02%
2026-08-17,6669,緯穎,2496000,5.35%
2026-08-17,2327,國巨*,25437000,5.01%
2026-08-17,2345,智邦,6594000,4.89%
2026-08-17,6223,旺矽,2443000,4.59%
2026-08-17,2308,台達電,7070000,4.32%
2026-08-17,3653,健策,2375000,4.11%
2026-08-17,8046,南電,9634000,4.04%
2026-08-17,3711,日月光投控,19529000,3.89%
2026-08-17,2303,聯電,87718000,3.45%
2026-08-17,3665,貿聯-KY,4616848,3.19%
2026-08-17,6274,台燿,5499000,2.85%
2026-08-17,5274,信驊,484900,2.67%
2026-08-17,6805,富世達,2265000,1.41%
2026-08-17,2368,金像電,3500000,1.15%
2026-08-17,2449,京元電子,11295450,0.91%
2026-08-17,8210,勤誠,2497000,0.82%
2026-08-17,6187,萬潤,1334000,0.6%
2026-08-17,2360,致茂,622000,0.48%
2026-08-17,6510,精測,478000,0.45%
2026-08-17,8996,高力,1102000,0.43%
2026-08-17,4979,華星光,2424000,0.43%
2026-08-17,3264,欣銓,5918000,0.42%
2026-08-17,4958,臻鼎-KY,1682000,0.27%
2026-08-17,6278,台表科,3250000,0.18%
2026-08-17,6271,同欣電,2224000,0.14%
2026-08-17,6191,精成科,3988000,0.11%
2026-08-17,3376,新日興,1741000,0.11%
2026-08-17,4966,譜瑞-KY,140000,0.03%
2026-08-17,2002,中鋼,5163000,0.03%
2026-08-17,8358,金居,1000,0%
2026-08-17,3661,世芯-KY,1000,0%
2026-08-17,3443,創意,1000,0%
2026-08-17,2439,美律,1000,0%
2026-08-17,1590,亞德客-KY,1000,0%
2026-08-17,3008,大立光,1000,0%
2026-08-17,2382,廣達,1000,0%
2026-08-17,3533,嘉澤,1000,0%
2026-08-17,2408,南亞科,1000,0%
2026-08-17,6515,穎崴,1000,0%
2026-08-17,6488,環球晶,1000,0%
2026-08-17,2313,華通,1000,0%
2026-08-17,8150,南茂,1000,0%
2026-08-17,2317,鴻海,1000,0%
2026-08-17,5347,世界,1000,0%
2026-08-17,2481,強茂,5000,0%
2026-08-18,2383,台光電,4863000,10.14%
2026-08-18,2330,台積電,12134000,9.71%
2026-08-18,3037,欣興,20330000,7.82%
2026-08-18,2454,聯發科,5448000,7.11%
2026-08-18,3017,奇鋐,5900000,6.02%
2026-08-18,2345,智邦,6594000,4.93%
2026-08-18,2327,國巨*,25437000,4.92%
2026-08-18,6669,緯穎,2246000,4.83%
2026-08-18,6223,旺矽,2443000,4.33%
2026-08-18,2308,台達電,7070000,4.33%
2026-08-18,3653,健策,2395000,4.15%
2026-08-18,8046,南電,9634000,4.03%
2026-08-18,3711,日月光投控,19529000,3.93%
2026-08-18,2303,聯電,87718000,3.51%
2026-08-18,3665,貿聯-KY,4616848,3.48%
2026-08-18,6274,台燿,5499000,2.86%
2026-08-18,5274,信驊,484900,2.78%
2026-08-18,6805,富世達,2265000,1.49%
2026-08-18,2368,金像電,3000000,1.08%
2026-08-18,2449,京元電子,11295450,0.9%
2026-08-18,8210,勤誠,2497000,0.86%
2026-08-18,6187,萬潤,1133000,0.48%
2026-08-18,2360,致茂,622000,0.48%
2026-08-18,8996,高力,1102000,0.44%
2026-08-18,6510,精測,478000,0.44%
2026-08-18,4979,華星光,2424000,0.43%
2026-08-18,3264,欣銓,5918000,0.42%
2026-08-18,4958,臻鼎-KY,1682000,0.27%
2026-08-18,6278,台表科,3250000,0.19%
2026-08-18,6271,同欣電,2224000,0.15%
2026-08-18,6191,精成科,3988000,0.11%
2026-08-18,3376,新日興,1741000,0.11%
2026-08-18,4966,譜瑞-KY,140000,0.03%
2026-08-18,2002,中鋼,5163000,0.03%
2026-08-18,8358,金居,1000,0%
2026-08-18,3661,世芯-KY,1000,0%
2026-08-18,3443,創意,1000,0%
2026-08-18,2439,美律,1000,0%
2026-08-18,1590,亞德客-KY,1000,0%
2026-08-18,3008,大立光,1000,0%
2026-08-18,2382,廣達,1000,0%
2026-08-18,3533,嘉澤,1000,0%
2026-08-18,2408,南亞科,1000,0%
2026-08-18,6515,穎崴,1000,0%
2026-08-18,6488,環球晶,1000,0%
2026-08-18,2313,華通,1000,0%
2026-08-18,8150,南茂,1000,0%
2026-08-18,2317,鴻海,1000,0%
2026-08-18,5347,世界,1000,0%
2026-08-18,2481,強茂,5000,0%
2026-08-19,2383,台光電,4843000,9.96%
2026-08-19,2330,台積電,11884000,9.76%
2026-08-19,3037,欣興,20300000,8.02%
2026-08-19,2454,聯發科,5348000,7.19%
2026-08-19,3017,奇鋐,5899000,6.38%
2026-08-19,2327,國巨*,25387000,5.11%
2026-08-19,6669,緯穎,2226000,4.96%
2026-08-19,2345,智邦,6564000,4.88%
2026-08-19,3653,健策,2395000,4.57%
2026-08-19,6223,旺矽,2442000,4.49%
2026-08-19,2308,台達電,7040000,4.34%
2026-08-19,3711,日月光投控,19479000,4%
2026-08-19,8046,南電,9624000,3.97%
2026-08-19,3665,貿聯-KY,4615848,3.55%
2026-08-19,2303,聯電,87518000,3.53%
2026-08-19,6274,台燿,5498000,2.88%
2026-08-19,5274,信驊,410900,2.27%
2026-08-19,6805,富世達,2264000,1.42%
2026-08-19,2449,京元電子,11275450,0.93%
2026-08-19,8210,勤誠,2477000,0.85%
2026-08-19,2368,金像電,2000000,0.73%
2026-08-19,4979,華星光,2424000,0.45%
2026-08-19,8996,高力,1101000,0.44%
2026-08-19,6510,精測,477000,0.44%
2026-08-19,3264,欣銓,5917000,0.43%
2026-08-19,6187,萬潤,833000,0.38%
2026-08-19,4958,臻鼎-KY,1645000,0.26%
2026-08-19,2360,致茂,294000,0.22%
2026-08-19,6278,台表科,3249000,0.2%
2026-08-19,6271,同欣電,2223000,0.15%
2026-08-19,6191,精成科,3988000,0.12%
2026-08-19,3376,新日興,1741000,0.11%
2026-08-19,4966,譜瑞-KY,140000,0.03%
2026-08-19,2002,中鋼,5163000,0.03%
2026-08-19,2637,慧洋-KY,200000,0.01%
2026-08-19,8358,金居,1000,0%
2026-08-19,3661,世芯-KY,1000,0%
2026-08-19,3443,創意,1000,0%
2026-08-19,2439,美律,1000,0%
2026-08-19,1590,亞德客-KY,1000,0%
2026-08-19,3008,大立光,1000,0%
2026-08-19,2382,廣達,1000,0%
2026-08-19,2408,南亞科,1000,0%
2026-08-19,6515,穎崴,1000,0%
2026-08-19,6488,環球晶,1000,0%
2026-08-19,2313,華通,1000,0%
2026-08-19,8150,南茂,1000,0%
2026-08-19,2317,鴻海,1000,0%
2026-08-19,5347,世界,1000,0%
2026-08-19,2481,強茂,5000,0%
2026-08-20,2383,台光電,4843000,10.08%
2026-08-20,2330,台積電,11884000,9.82%
2026-08-20,3037,欣興,20300000,8.05%
2026-08-20,2454,聯發科,5148000,6.62%
2026-08-20,3017,奇鋐,5899000,6.12%
2026-08-20,2327,國巨*,25387000,4.96%
2026-08-20,6669,緯穎,2226000,4.9%
2026-08-20,6223,旺矽,2486000,4.88%
2026-08-20,2345,智邦,6564000,4.81%
2026-08-20,3653,健策,2395000,4.66%
2026-08-20,2308,台達電,7040000,4.27%
2026-08-20,8046,南電,9624000,4%
2026-08-20,3711,日月光投控,19479000,4%
2026-08-20,3665,貿聯-KY,4671848,3.66%
2026-08-20,2303,聯電,87518000,3.52%
2026-08-20,6274,台燿,5498000,3.01%
2026-08-20,5274,信驊,410900,2.25%
2026-08-20,6805,富世達,2264000,1.46%
2026-08-20,2449,京元電子,11275450,0.92%
2026-08-20,8210,勤誠,2477000,0.83%
2026-08-20,2368,金像電,2000000,0.71%
2026-08-20,4979,華星光,2424000,0.48%
2026-08-20,6510,精測,477000,0.46%
2026-08-20,3264,欣銓,5917000,0.43%
2026-08-20,8996,高力,1101000,0.43%
2026-08-20,3443,創意,142000,0.28%
2026-08-20,4958,臻鼎-KY,1645000,0.26%
2026-08-20,2360,致茂,294000,0.22%
2026-08-20,6187,萬潤,483000,0.21%
2026-08-20,6278,台表科,3249000,0.2%
2026-08-20,6271,同欣電,2223000,0.15%
2026-08-20,6191,精成科,3988000,0.11%
2026-08-20,3376,新日興,1741000,0.11%
2026-08-20,4966,譜瑞-KY,140000,0.03%
2026-08-20,2002,中鋼,5163000,0.03%
2026-08-20,2637,慧洋-KY,200000,0.01%
2026-08-20,8358,金居,1000,0%
2026-08-20,3661,世芯-KY,1000,0%
2026-08-20,2439,美律,1000,0%
2026-08-20,1590,亞德客-KY,1000,0%
2026-08-20,3008,大立光,1000,0%
2026-08-20,2382,廣達,1000,0%
2026-08-20,2408,南亞科,1000,0%
2026-08-20,6515,穎崴,1000,0%
2026-08-20,6488,環球晶,1000,0%
2026-08-20,2313,華通,1000,0%
2026-08-20,8150,南茂,1000,0%
2026-08-20,2317,鴻海,1000,0%
2026-08-20,5347,世界,1000,0%
2026-08-20,2481,強茂,5000,0%
2026-08-21,2330,台積電,11884000,10.16%
2026-08-21,2383,台光電,4843000,9.76%
2026-08-21,3037,欣興,20300000,7.82%
2026-08-21,2454,聯發科,5148000,6.92%
2026-08-21,3017,奇鋐,5899000,6%
2026-08-21,2327,國巨*,25387000,4.99%
2026-08-21,6669,緯穎,2226000,4.94%
2026-08-21,6223,旺矽,2486000,4.82%
2026-08-21,2345,智邦,6564000,4.74%
2026-08-21,3653,健策,2395000,4.59%
2026-08-21,2308,台達電,7040000,4.37%
2026-08-21,3711,日月光投控,19479000,4.06%
2026-08-21,8046,南電,9624000,3.88%
2026-08-21,3665,貿聯-KY,4671848,3.77%
2026-08-21,2303,聯電,87518000,3.62%
2026-08-21,6274,台燿,5498000,2.92%
2026-08-21,5274,信驊,410900,2.24%
2026-08-21,6805,富世達,2264000,1.42%
2026-08-21,2449,京元電子,11275450,0.93%
2026-08-21,8210,勤誠,2477000,0.83%
2026-08-21,2368,金像電,1957000,0.67%
2026-08-21,4979,華星光,2424000,0.5%
2026-08-21,6510,精測,477000,0.45%
2026-08-21,3264,欣銓,5917000,0.43%
2026-08-21,8996,高力,1101000,0.43%
2026-08-21,3443,創意,142000,0.28%
2026-08-21,4958,臻鼎-KY,1645000,0.26%
2026-08-21,6278,台表科,3249000,0.22%
2026-08-21,6187,萬潤,483000,0.2%
2026-08-21,6271,同欣電,2223000,0.15%
2026-08-21,6191,精成科,3988000,0.12%
2026-08-21,3376,新日興,1741000,0.11%
2026-08-21,2002,中鋼,5163000,0.04%
2026-08-21,4966,譜瑞-KY,140000,0.03%
2026-08-21,2637,慧洋-KY,200000,0.01%
2026-08-21,8358,金居,1000,0%
2026-08-21,3661,世芯-KY,1000,0%
2026-08-21,2439,美律,1000,0%
2026-08-21,1590,亞德客-KY,1000,0%
2026-08-21,3008,大立光,1000,0%
2026-08-21,2382,廣達,1000,0%
2026-08-21,2408,南亞科,1000,0%
2026-08-21,6515,穎崴,1000,0%
2026-08-21,2360,致茂,1000,0%
2026-08-21,6488,環球晶,1000,0%
2026-08-21,2313,華通,1000,0%
2026-08-21,8150,南茂,1000,0%
2026-08-21,2317,鴻海,1000,0%
2026-08-21,5347,世界,1000,0%
2026-08-21,2481,強茂,5000,0%
2026-08-24,2330,台積電,11884000,10.12%
2026-08-24,2383,台光電,4843000,9.43%
2026-08-24,3037,欣興,20300000,7.83%
2026-08-24,2454,聯發科,5148000,6.95%
2026-08-24,3017,奇鋐,5899000,6.04%
2026-08-24,6669,緯穎,2226000,5.03%
2026-08-24,2327,國巨*,25387000,5.02%
2026-08-24,6223,旺矽,2486000,4.96%
2026-08-24,2345,智邦,6564000,4.87%
2026-08-24,3653,健策,2407000,4.45%
2026-08-24,2308,台達電,7040000,4.38%
2026-08-24,3711,日月光投控,19479000,4.14%
2026-08-24,2303,聯電,89518000,3.97%
2026-08-24,8046,南電,9624000,3.92%
2026-08-24,3665,貿聯-KY,4671848,3.44%
2026-08-24,6274,台燿,5498000,2.87%
2026-08-24,5274,信驊,383900,2.08%
2026-08-24,6805,富世達,2264000,1.39%
2026-08-24,2449,京元電子,11275450,0.97%
2026-08-24,8210,勤誠,2477000,0.86%
2026-08-24,2368,金像電,1957000,0.67%
2026-08-24,8996,高力,1301000,0.53%
2026-08-24,3443,創意,255000,0.49%
2026-08-24,4979,華星光,2424000,0.48%
2026-08-24,6510,精測,477000,0.45%
2026-08-24,3264,欣銓,5917000,0.44%
2026-08-24,4958,臻鼎-KY,1645000,0.26%
2026-08-24,6278,台表科,3249000,0.21%
2026-08-24,6187,萬潤,483000,0.21%
2026-08-24,6271,同欣電,2223000,0.15%
2026-08-24,6191,精成科,3988000,0.12%
2026-08-24,3376,新日興,1741000,0.12%
2026-08-24,2002,中鋼,5163000,0.04%
2026-08-24,4966,譜瑞-KY,140000,0.03%
2026-08-24,8358,金居,1000,0%
2026-08-24,3661,世芯-KY,1000,0%
2026-08-24,2439,美律,1000,0%
2026-08-24,1590,亞德客-KY,1000,0%
2026-08-24,3008,大立光,1000,0%
2026-08-24,2382,廣達,1000,0%
2026-08-24,2408,南亞科,1000,0%
2026-08-24,2637,慧洋-KY,1000,0%
2026-08-24,6515,穎崴,1000,0%
2026-08-24,2360,致茂,1000,0%
2026-08-24,6488,環球晶,1000,0%
2026-08-24,2313,華通,1000,0%
2026-08-24,8150,南茂,1000,0%
2026-08-24,2317,鴻海,1000,0%
2026-08-24,5347,世界,1000,0%
2026-08-24,2481,強茂,5000,0%
2026-08-25,2330,台積電,11884000,10.09%
2026-08-25,2383,台光電,4843000,9.59%
2026-08-25,3037,欣興,20300000,7.86%
2026-08-25,2454,聯發科,5148000,6.8%
2026-08-25,3017,奇鋐,5899000,6.16%
2026-08-25,6669,緯穎,2226000,5.07%
2026-08-25,6223,旺矽,2486000,4.93%
2026-08-25,2327,國巨*,25387000,4.89%
2026-08-25,2345,智邦,6564000,4.71%
2026-08-25,3653,健策,2407000,4.43%
2026-08-25,2308,台達電,7040000,4.26%
2026-08-25,3711,日月光投控,19479000,4.07%
2026-08-25,2303,聯電,89518000,3.96%
2026-08-25,8046,南電,9624000,3.95%
2026-08-25,3665,貿聯-KY,4671848,3.43%
2026-08-25,6274,台燿,5498000,2.89%
2026-08-25,5274,信驊,383900,2.09%
2026-08-25,6805,富世達,2264000,1.48%
2026-08-25,2449,京元電子,11275450,0.96%
2026-08-25,8210,勤誠,2477000,0.85%
2026-08-25,2368,金像電,1957000,0.67%
2026-08-25,8996,高力,1301000,0.56%
2026-08-25,4979,華星光,2424000,0.52%
2026-08-25,3443,創意,255000,0.5%
2026-08-25,3264,欣銓,5917000,0.45%
2026-08-25,6510,精測,477000,0.45%
2026-08-25,4958,臻鼎-KY,1645000,0.26%
2026-08-25,6187,萬潤,483000,0.22%
2026-08-25,6278,台表科,3249000,0.21%
2026-08-25,6271,同欣電,2223000,0.16%
2026-08-25,3376,新日興,1741000,0.12%
2026-08-25,6191,精成科,3988000,0.11%
2026-08-25,4966,譜瑞-KY,140000,0.03%
2026-08-25,2002,中鋼,5163000,0.03%
2026-08-25,8358,金居,1000,0%
2026-08-25,3661,世芯-KY,1000,0%
2026-08-25,2439,美律,1000,0%
2026-08-25,1590,亞德客-KY,1000,0%
2026-08-25,3008,大立光,1000,0%
2026-08-25,2382,廣達,1000,0%
2026-08-25,2408,南亞科,1000,0%
2026-08-25,2637,慧洋-KY,1000,0%
2026-08-25,6515,穎崴,1000,0%
2026-08-25,2360,致茂,1000,0%
2026-08-25,6488,環球晶,1000,0%
2026-08-25,2313,華通,1000,0%
2026-08-25,8150,南茂,1000,0%
2026-08-25,2317,鴻海,1000,0%
2026-08-25,5347,世界,1000,0%
2026-08-25,2481,強茂,5000,0%
2026-08-26,2330,台積電,11884000,9.9%
2026-08-26,2383,台光電,4843000,9.85%
2026-08-26,3037,欣興,20300000,8.12%
2026-08-26,2454,聯發科,5148000,7.01%
2026-08-26,3017,奇鋐,5979000,6.51%
2026-08-26,6669,緯穎,2226000,5.21%
2026-08-26,3653,健策,2407000,4.75%
2026-08-26,2327,國巨*,25387000,4.7%
2026-08-26,2345,智邦,6564000,4.65%
2026-08-26,6223,旺矽,2486000,4.32%
2026-08-26,2308,台達電,7040000,4.25%
2026-08-26,3711,日月光投控,19479000,3.98%
2026-08-26,8046,南電,9624000,3.92%
2026-08-26,2303,聯電,89518000,3.81%
2026-08-26,3665,貿聯-KY,4671848,3.23%
2026-08-26,6274,台燿,5498000,2.9%
2026-08-26,5274,信驊,383900,2.08%
2026-08-26,6805,富世達,2264000,1.58%
2026-08-26,2449,京元電子,11275450,0.95%
2026-08-26,8210,勤誠,2477000,0.83%
2026-08-26,2368,金像電,1957000,0.7%
2026-08-26,3443,創意,325000,0.69%
2026-08-26,8996,高力,1301000,0.54%
2026-08-26,4979,華星光,2424000,0.5%
2026-08-26,3264,欣銓,5917000,0.44%
2026-08-26,6510,精測,477000,0.43%
2026-08-26,4958,臻鼎-KY,1645000,0.26%
2026-08-26,6278,台表科,3249000,0.22%
2026-08-26,6187,萬潤,483000,0.22%
2026-08-26,6271,同欣電,2223000,0.16%
2026-08-26,3376,新日興,1741000,0.12%
2026-08-26,6191,精成科,3988000,0.11%
2026-08-26,4966,譜瑞-KY,140000,0.03%
2026-08-26,2002,中鋼,5163000,0.03%
2026-08-26,8358,金居,1000,0%
2026-08-26,3661,世芯-KY,1000,0%
2026-08-26,2439,美律,1000,0%
2026-08-26,1590,亞德客-KY,1000,0%
2026-08-26,3008,大立光,1000,0%
2026-08-26,2382,廣達,1000,0%
2026-08-26,2408,南亞科,1000,0%
2026-08-26,2637,慧洋-KY,1000,0%
2026-08-26,6515,穎崴,1000,0%
2026-08-26,2360,致茂,1000,0%
2026-08-26,6488,環球晶,1000,0%
2026-08-26,2313,華通,1000,0%
2026-08-26,8150,南茂,1000,0%
2026-08-26,2317,鴻海,1000,0%
2026-08-26,5347,世界,1000,0%
2026-08-26,2481,強茂,5000,0%
2026-08-27,2330,台積電,11884000,9.87%
2026-08-27,2383,台光電,4807000,9.11%
2026-08-27,3037,欣興,20300000,8.25%
2026-08-27,3017,奇鋐,5979000,6.88%
2026-08-27,2454,聯發科,5148000,6.85%
2026-08-27,6669,緯穎,2226000,5.23%
2026-08-27,2327,國巨*,25387000,4.85%
2026-08-27,2345,智邦,6564000,4.73%
2026-08-27,3653,健策,2407000,4.68%
2026-08-27,2308,台達電,7250000,4.42%
2026-08-27,6223,旺矽,2486000,4.36%
2026-08-27,8046,南電,9624000,4.29%
2026-08-27,3711,日月光投控,19479000,4.06%
2026-08-27,2303,聯電,89518000,3.65%
2026-08-27,3665,貿聯-KY,4671848,3.31%
2026-08-27,6274,台燿,5498000,2.74%
2026-08-27,5274,信驊,341900,1.8%
2026-08-27,6805,富世達,2264000,1.74%
2026-08-27,2449,京元電子,11775450,1%
2026-08-27,8210,勤誠,2477000,0.82%
2026-08-27,2368,金像電,1957000,0.69%
2026-08-27,4979,華星光,3173000,0.67%
2026-08-27,3443,創意,325000,0.66%
2026-08-27,8996,高力,1301000,0.59%
2026-08-27,3264,欣銓,5917000,0.45%
2026-08-27,6510,精測,477000,0.45%
2026-08-27,4958,臻鼎-KY,1645000,0.27%
2026-08-27,6278,台表科,3249000,0.23%
2026-08-27,6271,同欣電,2223000,0.16%
2026-08-27,6187,萬潤,283000,0.14%
2026-08-27,3376,新日興,1741000,0.13%
2026-08-27,6191,精成科,3988000,0.11%
2026-08-27,4966,譜瑞-KY,140000,0.03%
2026-08-27,2002,中鋼,5163000,0.03%
2026-08-27,8358,金居,1000,0%
2026-08-27,3661,世芯-KY,1000,0%
2026-08-27,2439,美律,1000,0%
2026-08-27,1590,亞德客-KY,1000,0%
2026-08-27,3008,大立光,1000,0%
2026-08-27,2382,廣達,1000,0%
2026-08-27,2408,南亞科,1000,0%
2026-08-27,2637,慧洋-KY,1000,0%
2026-08-27,6515,穎崴,1000,0%
2026-08-27,2360,致茂,1000,0%
2026-08-27,6488,環球晶,1000,0%
2026-08-27,2313,華通,1000,0%
2026-08-27,8150,南茂,1000,0%
2026-08-27,2317,鴻海,1000,0%
2026-08-27,5347,世界,1000,0%
2026-08-27,2481,強茂,5000,0%
2026-08-28,2330,台積電,11264000,9.29%
2026-08-28,2383,台光電,4807000,8.99%
2026-08-28,3037,欣興,20300000,7.68%
2026-08-28,2454,聯發科,5148000,6.99%
2026-08-28,3017,奇鋐,5979000,6.85%
2026-08-28,6669,緯穎,2226000,5.46%
2026-08-28,2327,國巨*,25387000,5.17%
2026-08-28,3653,健策,2407000,4.75%
2026-08-28,2345,智邦,6564000,4.75%
2026-08-28,2308,台達電,7250000,4.52%
2026-08-28,6223,旺矽,2486000,4.26%
2026-08-28,3711,日月光投控,19479000,4.12%
2026-08-28,8046,南電,9624000,4.07%
2026-08-28,2303,聯電,89518000,3.97%
2026-08-28,3665,貿聯-KY,4671848,3.6%
2026-08-28,6274,台燿,5498000,2.79%
2026-08-28,6805,富世達,2264000,1.81%
2026-08-28,5274,信驊,313900,1.67%
2026-08-28,2449,京元電子,12668450,1.17%
2026-08-28,8210,勤誠,2477000,0.84%
2026-08-28,2368,金像電,1957000,0.75%
2026-08-28,3443,創意,325000,0.67%
2026-08-28,4979,華星光,3173000,0.66%
2026-08-28,8996,高力,1301000,0.56%
2026-08-28,3264,欣銓,5917000,0.47%
2026-08-28,6510,精測,477000,0.44%
2026-08-28,4958,臻鼎-KY,1645000,0.27%
2026-08-28,6278,台表科,3249000,0.22%
2026-08-28,6271,同欣電,2223000,0.16%
2026-08-28,3376,新日興,1741000,0.13%
2026-08-28,6191,精成科,3988000,0.12%
2026-08-28,6187,萬潤,88000,0.04%
2026-08-28,2002,中鋼,5163000,0.03%
2026-08-28,8358,金居,1000,0%
2026-08-28,3661,世芯-KY,1000,0%
2026-08-28,2439,美律,1000,0%
2026-08-28,1590,亞德客-KY,1000,0%
2026-08-28,3008,大立光,1000,0%
2026-08-28,2382,廣達,1000,0%
2026-08-28,2408,南亞科,1000,0%
2026-08-28,2637,慧洋-KY,1000,0%
2026-08-28,6515,穎崴,1000,0%
2026-08-28,2360,致茂,1000,0%
2026-08-28,6488,環球晶,1000,0%
2026-08-28,4966,譜瑞-KY,1000,0%
2026-08-28,2313,華通,1000,0%
2026-08-28,8150,南茂,1000,0%
2026-08-28,2317,鴻海,1000,0%
2026-08-28,5347,世界,1000,0%
2026-08-28,2481,強茂,5000,0%
