日期,股票,現金,期貨,應收付,淨資產,總曝險,申贖應付款(%),股票權重,期貨影響,SP值,ECP值,操作警示,動作訊號,姿態訊號,大盤漲跌,申贖應付款
2026-03-25,96.16,5.81,0.0,-3.69,97257730178.86856,96.16,,96.16,0.0,-3.686970370792295,2.12,🔴 強力買進 (高持股續買),資金流向正常,新制,2.5354590791678184,0.0
2026-03-26,95.4,5.34,0.0,-1.92,97767924601.67714,95.4,,95.4,0.0,-1.915724876671741,3.42,🔴 強力買進 (高持股續買),資金流向正常,新制,-0.3035068816125727,0.0
2026-03-30,93.85,4.67,0.0,-2.42,99888386190.7299,93.85,,93.85,0.0,-2.4155637787488105,2.25,🔴 強力買進 (高持股續買),資金流向正常,新制,-1.7951782086511403,0.0
2026-03-31,90.76,6.76,0.0,-4.1,99822140667.695,90.76,,90.76,0.0,-4.095505055947025,2.66,⚪ 觀望/續抱 (盤整),資金流向正常,新制,-2.445310558776998,0.0
2026-04-01,93.73,9.66,0.0,-4.35,106260896809.98611,93.73,,93.73,0.0,-4.346009074493338,5.3100000000000005,🔴 強力買進 (高持股續買),資金流向正常,新制,4.576586254952632,-0.04
2026-04-02,93.75,7.4,0.0,-2.42,103523712181.33331,93.75,,93.75,0.0,-2.4185259524063496,4.98,🔴 強力買進 (高持股續買),資金流向正常,新制,-1.815804878519309,-0.23
2026-04-07,95.79,4.41,0.0,-1.62,106342538490.44785,95.79,,95.79,0.0,-1.6245053715312383,2.79,🔴 強力買進 (高持股續買),資金流向正常,新制,2.018240579533057,-0.45
2026-04-08,96.41,2.47,0.0,-2.01,113484077346.74826,96.41,,96.41,0.0,-2.0108394087986894,0.4600000000000004,🔴 強力買進 (高持股續買),資金流向正常,新制,4.608992766135952,-0.39
2026-04-09,96.56,1.41,0.0,-0.92,116252865513.67026,96.56,,96.56,0.0,-0.9203055608759956,0.4899999999999999,🔴 強力買進 (高持股續買),資金流向正常,新制,0.2870426893293825,-0.2
2026-04-13,95.28,3.17,0.0,-2.65,123304016792.61124,95.28,,95.28,0.0,-2.64977315823809,0.52,🔴 強力買進 (高持股續買),資金流向正常,新制,0.111412811005076,0.0
2026-04-14,96.51,5.09,0.0,-4.96,129608060470.41756,96.51,,96.51,0.0,-4.964414172734723,0.1299999999999999,🔴 強力買進 (高持股續買),資金流向正常,新制,0.111412811005076,0.0
2026-04-15,96.28,5.67,0.0,-5.22,136347663585.376,96.28,,96.28,0.0,-5.216003909408236,0.4500000000000002,🔴 強力買進 (高持股續買),資金流向正常,新制,0.111412811005076,0.0
2026-04-16,95.87,4.67,0.0,-4.28,144739696630.85428,95.87,,95.87,0.0,-4.281454795918778,0.3899999999999997,🔴 強力買進 (高持股續買),資金流向正常,新制,0.111412811005076,0.0
2026-04-17,95.62,5.38,0.0,-7.31,153519429115.24783,95.62000000000002,,95.62,0.0,-7.312851300125731,-1.93,🔴 強力買進 (高持股續買),資金流向正常,新制,0.111412811005076,0.0
2026-04-21,94.74,9.45,0.0,-9.79,183307085233.27,94.74,,94.74,0.0,-9.785058100277135,-0.3399999999999998,🔴 強力買進 (高持股續買),資金流向正常,新制,0.111412811005076,0.0
2026-04-22,95.09,10.37,0.0,-8.83,192514756903.9857,95.09,,95.09,0.0,-8.83198524021718,1.5399999999999991,🔴 強力買進 (高持股續買),資金流向正常,新制,0.111412811005076,0.0
2026-04-23,92.02,6.73,0.0,-4.52,199655386698.54385,92.02,,92.02,0.0,-4.517628627079654,2.210000000000001,🔴 強力買進 (高持股續買),資金流向正常,新制,0.111412811005076,0.0
2026-04-24,94.55,6.95,0.0,-5.2,212085206261.23743,94.55,,94.55,0.0,-5.202272984288077,1.75,🔴 強力買進 (高持股續買),資金流向正常,新制,0.111412811005076,0.0
2026-07-06,96.74,0.0,0.0,0.0,284806913024.60205,96.74,,96.74,0.0,0.0,0.0,💀 💀 流動性危機 (贖回 > 現金，被迫殺出),💀 流動性危機 (贖回 > 現金，被迫殺出),新制,0.111412811005076,0.0
2026-07-07,96.61,0.0,0.0,0.0,270978787641.0309,96.61,,96.61,0.0,0.0,0.0,💀 💀 流動性危機 (贖回 > 現金，被迫殺出),💀 流動性危機 (贖回 > 現金，被迫殺出),新制,0.111412811005076,0.0
2026-07-08,96.21,0.0,0.0,0.0,273405017981.4988,96.21,,96.21,0.0,0.0,0.0,💀 💀 流動性危機 (贖回 > 現金，被迫殺出),💀 流動性危機 (贖回 > 現金，被迫殺出),新制,0.111412811005076,0.0
2026-07-09,97.08,0.0,0.0,0.0,274757277060.1566,97.08,,97.08,0.0,0.0,0.0,💀 💀 流動性危機 (贖回 > 現金，被迫殺出),💀 流動性危機 (贖回 > 現金，被迫殺出),新制,0.111412811005076,0.0
2026-07-13,97.32,0.0,0.0,0.0,268987250226.0584,97.32,,97.32,0.0,0.0,0.0,💀 💀 流動性危機 (贖回 > 現金，被迫殺出),💀 流動性危機 (贖回 > 現金，被迫殺出),新制,0.111412811005076,0.0
2026-07-14,96.01,0.0,0.0,0.0,264115450578.0648,96.01,,96.01,0.0,0.0,0.0,💀 💀 流動性危機 (贖回 > 現金，被迫殺出),💀 流動性危機 (贖回 > 現金，被迫殺出),新制,0.111412811005076,0.0
2026-07-15,96.56,0.0,0.0,0.0,274216643050.9528,96.56,,96.56,0.0,0.0,0.0,💀 💀 流動性危機 (贖回 > 現金，被迫殺出),💀 流動性危機 (贖回 > 現金，被迫殺出),新制,0.111412811005076,0.0
2026-07-16,96.42,0.0,0.0,0.0,270454804750.05185,96.42,,96.42,0.0,0.0,0.0,💀 💀 流動性危機 (贖回 > 現金，被迫殺出),💀 流動性危機 (贖回 > 現金，被迫殺出),新制,0.111412811005076,0.0
2026-07-17,94.02,0.0,0.0,0.0,253309715879.6001,94.02,,94.02,0.0,0.0,0.0,💀 💀 流動性危機 (贖回 > 現金，被迫殺出),💀 流動性危機 (贖回 > 現金，被迫殺出),新制,0.111412811005076,0.0
2026-07-20,92.86,0.0,0.0,0.0,250804665959.5089,92.86,,92.86,0.0,0.0,0.0,💀 💀 流動性危機 (贖回 > 現金，被迫殺出),💀 流動性危機 (贖回 > 現金，被迫殺出),新制,0.111412811005076,0.0
2026-07-21,93.51,0.0,0.0,0.0,268488042241.4715,93.51,,93.51,0.0,0.0,0.0,💀 💀 流動性危機 (贖回 > 現金，被迫殺出),💀 流動性危機 (贖回 > 現金，被迫殺出),新制,0.111412811005076,0.0
2026-07-22,94.13,0.0,0.0,0.0,278256709306.27856,94.13,,94.13,0.0,0.0,0.0,💀 💀 流動性危機 (贖回 > 現金，被迫殺出),💀 流動性危機 (贖回 > 現金，被迫殺出),新制,0.111412811005076,0.0
2026-07-23,93.87,0.0,0.0,0.0,279933694130.18,93.87000000000002,,93.87,0.0,0.0,0.0,💀 💀 流動性危機 (贖回 > 現金，被迫殺出),💀 流動性危機 (贖回 > 現金，被迫殺出),新制,0.111412811005076,0.0
2026-07-24,93.73,0.0,0.0,0.0,267306813922.9702,93.73,,93.73,0.0,0.0,0.0,💀 💀 流動性危機 (贖回 > 現金，被迫殺出),💀 流動性危機 (贖回 > 現金，被迫殺出),新制,0.111412811005076,0.0
2026-07-27,93.34,0.0,0.0,0.0,267753917345.18964,93.34,,93.34,0.0,0.0,0.0,💀 💀 流動性危機 (贖回 > 現金，被迫殺出),💀 流動性危機 (贖回 > 現金，被迫殺出),新制,0.111412811005076,0.0
2026-07-28,90.43,0.0,0.0,0.0,252085736392.79,90.43,,90.43,0.0,0.0,0.0,💀 💀 流動性危機 (贖回 > 現金，被迫殺出),💀 流動性危機 (贖回 > 現金，被迫殺出),新制,0.111412811005076,0.0
2026-07-29,88.7,0.0,0.0,0.0,239545727502.81848,88.7,,88.7,0.0,0.0,0.0,💀 💀 流動性危機 (贖回 > 現金，被迫殺出),💀 流動性危機 (贖回 > 現金，被迫殺出),新制,0.111412811005076,0.0
2026-07-30,87.61,0.0,0.0,0.0,243996631897.04373,87.61,,87.61,0.0,0.0,0.0,💀 💀 流動性危機 (贖回 > 現金，被迫殺出),💀 流動性危機 (贖回 > 現金，被迫殺出),新制,0.111412811005076,0.0
2026-07-31,82.36,0.0,5.89,0.0,288012669772.94806,88.25073946412671,,82.36,5.89,0.0,0.0,💀 💀 流動性危機 (贖回 > 現金，被迫殺出),💀 流動性危機 (贖回 > 現金，被迫殺出),新制,0.111412811005076,0.0
2026-08-03,84.44,0.0,5.56,0.0,301547028167.92993,90.00098068745065,,84.44,5.56,0.0,0.0,💀 💀 流動性危機 (贖回 > 現金，被迫殺出),💀 流動性危機 (贖回 > 現金，被迫殺出),新制,0.111412811005076,0.0
2026-08-04,89.91,0.0,5.64,0.0,298314627544.2109,95.54749492890944,,89.91,5.64,0.0,0.0,💀 💀 流動性危機 (贖回 > 現金，被迫殺出),💀 流動性危機 (贖回 > 現金，被迫殺出),新制,0.111412811005076,0.0
2026-08-05,89.99,0.0,5.63,0.0,307039187676.4085,95.61806204992044,,89.99,5.63,0.0,0.0,💀 💀 流動性危機 (贖回 > 現金，被迫殺出),💀 流動性危機 (贖回 > 現金，被迫殺出),新制,0.111412811005076,0.0
2026-08-06,90.62,0.0,5.55,0.0,309302171827.4112,96.1718860079592,,90.62,5.55,0.0,0.0,💀 💀 流動性危機 (贖回 > 現金，被迫殺出),💀 流動性危機 (贖回 > 現金，被迫殺出),新制,0.111412811005076,0.0
2026-08-07,90.77,0.0,5.75,0.0,298712733447.1742,96.52376744126626,,90.77,5.75,0.0,0.0,💀 💀 流動性危機 (贖回 > 現金，被迫殺出),💀 流動性危機 (贖回 > 現金，被迫殺出),新制,0.111412811005076,0.0
2026-08-11,92.06,0.0,5.78,0.0,302599416956.3328,97.840903405549,,92.06,5.78,0.0,0.0,💀 💀 流動性危機 (贖回 > 現金，被迫殺出),💀 流動性危機 (贖回 > 現金，被迫殺出),新制,0.111412811005076,0.0
2026-08-12,93.24,0.0,2.01,0.0,307072769562.4196,95.25290163527296,,93.24,2.01,0.0,0.0,💀 💀 流動性危機 (贖回 > 現金，被迫殺出),💀 流動性危機 (贖回 > 現金，被迫殺出),新制,0.111412811005076,0.0
2026-08-13,94.13,0.0,2.01,0.0,311600112944.8635,96.1358384898936,,94.13,2.01,0.0,0.0,💀 💀 流動性危機 (贖回 > 現金，被迫殺出),💀 流動性危機 (贖回 > 現金，被迫殺出),新制,0.111412811005076,0.0
2026-08-14,95.03,0.0,1.99,0.0,312405186520.04626,97.02141047218204,,95.03,1.99,0.0,0.0,💀 💀 流動性危機 (贖回 > 現金，被迫殺出),💀 流動性危機 (贖回 > 現金，被迫殺出),新制,0.111412811005076,0.0
2026-08-17,96.32,0.0,2.02,0.0,308712614675.0416,98.3376495238319,,96.32,2.02,0.0,0.0,💀 💀 流動性危機 (贖回 > 現金，被迫殺出),💀 流動性危機 (贖回 > 現金，被迫殺出),新制,0.111412811005076,0.0
2026-08-18,96.79,0.0,2.06,0.0,297508250718.0494,98.8480775105302,,96.79,2.06,0.0,0.0,💀 💀 流動性危機 (贖回 > 現金，被迫殺出),💀 流動性危機 (贖回 > 現金，被迫殺出),新制,0.111412811005076,0.0
2026-08-19,97.08,0.0,2.11,0.0,286043102698.8051,99.19265363261115,,97.08,2.11,0.0,0.0,💀 💀 流動性危機 (贖回 > 現金，被迫殺出),💀 流動性危機 (贖回 > 現金，被迫殺出),新制,0.111412811005076,0.0
2026-08-20,96.96,0.0,2.12,0.0,287556733704.6205,99.08056498258311,,96.96,2.12,0.0,0.0,💀 💀 流動性危機 (贖回 > 現金，被迫殺出),💀 流動性危機 (贖回 > 現金，被迫殺出),新制,0.11141281100507604,0.0
